{"stats":{"minecraft:picked_up":{"minecraft:crafting_table":11,"minecraft:anvil":1,"minecraft:wooden_pickaxe":1,"minecraft:oak_stairs":1,"minecraft:shield":1,"minecraft:string":5,"minecraft:wooden_sword":1,"minecraft:iron_leggings":1,"ancient_elements:stone_hammer":1,"minecraft:cobbled_deepslate":87,"minecraft:spruce_planks":7,"minecraft:oak_boat":1,"minecraft:coal_block":7,"minecraft:melon_slice":36,"minecraft:sugar_cane":7,"minecraft:birch_sapling":2,"minecraft:iron_boots":1,"minecraft:furnace":3,"minecraft:raw_iron":23,"minecraft:stick":11,"minecraft:oak_fence":1,"minecraft:spruce_stairs":1,"minecraft:carrot":2,"alexscaves:tripodfish":1,"minecraft:tnt":2,"minecraft:arrow":17,"minecraft:rotten_flesh":11,"minecraft:stone_shovel":1,"minecraft:obsidian":10,"minecraft:skeleton_skull":2,"minecraft:cobblestone":228,"minecraft:birch_log":10,"minecraft:andesite":47,"minecraft:oak_log":49,"minecraft:chainmail_chestplate":1,"minecraft:gunpowder":2,"scalinghealth:heart_crystal":1,"minecraft:dirt":16,"minecraft:bone":24,"minecraft:raw_gold":6,"minecraft:iron_ingot":2,"minecraft:stone_pickaxe":1,"minecraft:oak_planks":74,"minecraft:oak_slab":2,"scalinghealth:heart_crystal_shard":3,"minecraft:milk_bucket":1,"minecraft:quartz":128,"royalvariations:royal_bone":1,"minecraft:sand":129,"minecraft:diamond":66,"minecraft:granite":76,"minecraft:emerald":3,"minecraft:oak_sapling":1,"minecraft:dark_oak_fence":1,"minecraft:coal":2,"iceandfire:raw_silver":1},"minecraft:broken":{"minecraft:iron_leggings":1,"ancient_elements:stone_hammer":3,"minecraft:shield":1,"minecraft:stone_axe":1},"minecraft:used":{"minecraft:stone_shovel":93,"minecraft:spruce_planks":7,"minecraft:shield":12,"minecraft:dirt":5,"minecraft:mutton":1,"minecraft:anvil":1,"scalinghealth:heart_crystal":1,"minecraft:spruce_stairs":1,"ancient_elements:stone_hammer":422,"minecraft:iron_axe":121,"minecraft:furnace":3,"minecraft:water_bucket":4,"minecraft:oak_planks":129,"minecraft:birch_boat":1,"minecraft:wooden_pickaxe":26,"minecraft:oak_slab":2,"minecraft:tnt":2,"minecraft:crafting_table":11,"minecraft:diamond_pickaxe":12,"minecraft:melon_slice":8,"minecraft:iron_pickaxe":75,"minecraft:stone_axe":110,"minecraft:wooden_sword":41,"minecraft:cobblestone":16,"minecraft:dark_oak_fence":1,"minecraft:bucket":3,"minecraft:oak_boat":3},"minecraft:killed":{"minecraft:spider":1,"minecraft:vindicator":12,"dungeonsweaponry:enchanter":2,"royalvariations:royal_skeleton":1,"minecraft:skeleton":15,"minecraft:silverfish":4,"royalvariations:royal_zombie":1,"minecraft:pillager":8,"minecraft:zombie":8},"minecraft:mined":{"minecraft:diamond_ore":3,"minecraft:tuff":12,"minecraft:spruce_planks":7,"minecraft:deepslate_diamond_ore":53,"minecraft:obsidian":11,"minecraft:granite":18,"minecraft:stripped_crimson_hyphae":2,"minecraft:grass_block":7,"minecraft:coal_block":6,"minecraft:spawner":4,"minecraft:furnace":2,"minecraft:iron_ore":7,"minecraft:fire":1,"minecraft:barrel":1,"minecraft:andesite":21,"minecraft:anvil":1,"minecraft:oak_stairs":1,"minecraft:stripped_oak_log":1,"minecraft:stone":165,"minecraft:spruce_slab":9,"minecraft:oak_slab":2,"minecraft:oak_fence":2,"minecraft:crafting_table":9,"minecraft:melon":7,"minecraft:sugar_cane":3,"minecraft:oak_planks":28,"minecraft:diorite":8,"minecraft:spruce_stairs":4,"minecraft:birch_log":8,"minecraft:grass":1,"minecraft:oak_log":47,"minecraft:sand":65,"minecraft:gravel":12,"minecraft:dirt":48,"minecraft:oak_leaves":7,"minecraft:deepslate":129},"minecraft:custom":{"minecraft:mob_kills":53,"minecraft:interact_with_anvil":2,"minecraft:interact_with_crafting_table":17,"minecraft:open_barrel":41,"minecraft:damage_dealt_resisted":110,"minecraft:leave_game":2,"minecraft:time_since_death":6261,"minecraft:climb_one_cm":3739,"minecraft:sprint_one_cm":62951,"minecraft:walk_one_cm":258133,"minecraft:damage_blocked_by_shield":930,"minecraft:drop":62,"minecraft:play_time":123084,"minecraft:deaths":39,"minecraft:sneak_time":6043,"minecraft:walk_under_water_one_cm":33465,"minecraft:boat_one_cm":174035,"minecraft:jump":757,"minecraft:walk_on_water_one_cm":32078,"minecraft:total_world_time":123084,"minecraft:interact_with_furnace":9,"minecraft:time_since_rest":6320,"minecraft:damage_taken":13421,"minecraft:damage_dealt":12093,"minecraft:swim_one_cm":47954,"minecraft:fly_one_cm":74883,"minecraft:open_chest":14,"minecraft:crouch_one_cm":11972,"minecraft:fall_one_cm":12521},"minecraft:crafted":{"minecraft:oak_planks":188,"minecraft:coal":63,"minecraft:stone_shovel":1,"minecraft:birch_boat":1,"minecraft:furnace":1,"ancient_elements:obsidian_boots":1,"minecraft:iron_axe":1,"minecraft:stone_pickaxe":1,"minecraft:stone_hoe":1,"minecraft:diamond_axe":1,"minecraft:crafting_table":1,"minecraft:spruce_planks":28,"minecraft:wooden_pickaxe":1,"minecraft:birch_planks":12,"minecraft:stone_axe":1,"minecraft:bread":1,"minecraft:air":0,"minecraft:oak_boat":2,"minecraft:diamond_pickaxe":1,"minecraft:stick":48,"minecraft:iron_pickaxe":1,"minecraft:stone_sword":1,"minecraft:iron_block":3,"minecraft:anvil":1,"ancient_elements:stone_hammer":5,"ancient_elements:obsidian_ingot":5},"minecraft:dropped":{"minecraft:stone_hoe":1,"minecraft:oak_log":2,"minecraft:baked_potato":4,"minecraft:crafting_table":1,"minecraft:cobblestone":116,"minecraft:granite":73,"ancient_elements:stone_hammer":2,"minecraft:coal":2,"minecraft:emerald":3,"minecraft:stick":22,"minecraft:dirt":11,"minecraft:milk_bucket":1,"minecraft:wooden_sword":1,"minecraft:sand":64,"minecraft:birch_log":7,"minecraft:furnace":1,"minecraft:cobbled_deepslate":87,"minecraft:wheat":1,"minecraft:stone_shovel":1,"minecraft:rotten_flesh":11,"minecraft:oak_planks":50,"minecraft:iron_boots":1,"minecraft:carrot":2,"minecraft:skeleton_skull":2,"minecraft:andesite":47,"minecraft:stone_pickaxe":2,"minecraft:quartz":192},"minecraft:killed_by":{"royalvariations:royal_skeleton":3,"minecraft:creeper":2,"minecraft:vindicator":1,"minecraft:skeleton":31}},"DataVersion":3465}