{"stats":{"minecraft:used":{"minecraft:stone_pickaxe":28,"minecraft:string":1,"minecraft:wooden_pickaxe":22,"minecraft:wooden_sword":55,"minecraft:dirt":1,"minecraft:sweet_berries":2,"minecraft:crafting_table":3,"scalinghealth:cursed_heart":9},"minecraft:killed":{"minecraft:skeleton":2,"alexsmobs:flutter":1,"caneswonderfulspidersoverhaul:cobbleshell_spider":1},"minecraft:custom":{"minecraft:time_since_rest":16133,"minecraft:sprint_one_cm":36584,"minecraft:damage_taken":3770,"minecraft:walk_one_cm":79307,"minecraft:mob_kills":4,"minecraft:drop":1,"minecraft:damage_dealt":1942,"minecraft:fly_one_cm":63728,"minecraft:interact_with_crafting_table":4,"minecraft:swim_one_cm":4710,"minecraft:player_kills":2,"minecraft:crouch_one_cm":196,"minecraft:play_time":40134,"minecraft:deaths":13,"minecraft:sneak_time":107,"minecraft:walk_under_water_one_cm":1793,"minecraft:jump":370,"minecraft:walk_on_water_one_cm":1197,"minecraft:time_since_death":16106,"minecraft:climb_one_cm":135,"minecraft:total_world_time":40134,"minecraft:fall_one_cm":15688},"minecraft:dropped":{"minecraft:crafting_table":1},"minecraft:mined":{"minecraft:iron_ore":1,"minecraft:sweet_berry_bush":10,"minecraft:spruce_log":9,"minecraft:crafting_table":5,"minecraft:grass":6,"minecraft:coal_ore":10,"minecraft:deepslate_iron_ore":15,"minecraft:calcite":1,"minecraft:grass_block":1,"minecraft:gravel":3,"minecraft:tall_grass":3,"minecraft:smooth_basalt":1,"minecraft:azalea":1,"minecraft:spruce_leaves":10,"minecraft:stone":14,"minecraft:moss_block":2,"minecraft:sugar_cane":1,"minecraft:diorite":6,"minecraft:deepslate_copper_ore":1},"minecraft:crafted":{"minecraft:wooden_sword":1,"minecraft:crafting_table":1,"minecraft:spruce_planks":36,"minecraft:stick":12,"minecraft:wooden_pickaxe":1,"minecraft:stone_pickaxe":1},"minecraft:picked_up":{"minecraft:raw_iron":16,"minecraft:crafting_table":5,"minecraft:smooth_basalt":1,"minecraft:sweet_berries":25,"minecraft:gravel":3,"minecraft:spruce_sapling":1,"minecraft:diorite":6,"minecraft:spruce_log":9,"minecraft:string":2,"alexsmobs:animal_dictionary":1,"minecraft:dirt":1,"minecraft:raw_copper":4,"minecraft:arrow":4,"minecraft:bone":6,"minecraft:spore_blossom":1,"minecraft:spruce_planks":28,"minecraft:calcite":1,"minecraft:azalea":1,"minecraft:moss_block":2,"minecraft:sugar_cane":3,"minecraft:coal":11,"minecraft:cobblestone":17},"minecraft:killed_by":{"caneswonderfulspidersoverhaul:cobbleshell_spider":1,"minecraft:skeleton":5,"minecraft:spider":3,"minecraft:zombie":1}},"DataVersion":3465}