{"stats":{"minecraft:used":{"minecraft:stone_pickaxe":129,"minecraft:iron_pickaxe":4,"minecraft:wooden_pickaxe":3,"minecraft:wooden_sword":59,"minecraft:torch":7,"minecraft:cobblestone":6,"minecraft:bow":9,"minecraft:crafting_table":3,"minecraft:furnace":1},"minecraft:killed":{"minecraft:skeleton":4,"minecraft:horse":5,"minecraft:zombie":2},"minecraft:killed_by":{"minecraft:player":3,"minecraft:skeleton":7,"minecraft:zombie":1},"minecraft:crafted":{"minecraft:wooden_sword":1,"minecraft:oak_planks":12,"minecraft:crafting_table":2,"minecraft:stick":4,"minecraft:stone_pickaxe":1,"minecraft:furnace":1,"minecraft:torch":4},"minecraft:picked_up":{"minecraft:crafting_table":1,"minecraft:raw_iron":36,"minecraft:smooth_basalt":6,"ancient_elements:scarlet_shard":3,"minecraft:leather":6,"minecraft:torch":2,"minecraft:wooden_pickaxe":1,"ancient_elements:verdant_viridium_shard":3,"minecraft:oak_log":3,"ancient_elements:raw_tin":1,"minecraft:diorite":1,"minecraft:amethyst_block":2,"ancient_elements:budding_selenite":1,"minecraft:raw_copper":63,"ancient_elements:reflectine":1,"minecraft:bone":5,"minecraft:arrow":6,"minecraft:rotten_flesh":5,"minecraft:diamond":2,"minecraft:bow":1,"minecraft:cobbled_deepslate":5,"minecraft:iron_helmet":1,"minecraft:stone_pickaxe":1,"minecraft:calcite":2,"minecraft:iron_pickaxe":1,"minecraft:coal":10,"minecraft:cobblestone":36},"minecraft:dropped":{"ancient_elements:budding_selenite":1,"minecraft:cobblestone":1,"minecraft:leather":1},"minecraft:custom":{"minecraft:time_since_rest":2827,"minecraft:interact_with_furnace":3,"minecraft:sprint_one_cm":42749,"minecraft:damage_taken":3520,"minecraft:walk_one_cm":123168,"minecraft:mob_kills":11,"minecraft:drop":3,"minecraft:damage_dealt":3030,"minecraft:interact_with_crafting_table":4,"minecraft:fly_one_cm":43065,"minecraft:player_kills":1,"minecraft:play_time":49769,"minecraft:crouch_one_cm":2659,"minecraft:sneak_time":1551,"minecraft:deaths":12,"minecraft:jump":370,"minecraft:leave_game":5,"minecraft:time_since_death":2796,"minecraft:total_world_time":49769,"minecraft:fall_one_cm":7289},"minecraft:broken":{"minecraft:stone_pickaxe":1,"minecraft:wooden_sword":1},"minecraft:mined":{"ancient_elements:verdant_viridium_clust":1,"minecraft:deepslate_diamond_ore":2,"minecraft:iron_ore":25,"ancient_elements:tin_ore":1,"minecraft:crafting_table":1,"minecraft:torch":1,"minecraft:deepslate_iron_ore":9,"minecraft:calcite":2,"minecraft:oak_log":3,"minecraft:coal_ore":10,"minecraft:smooth_basalt":6,"ancient_elements:scarlet_clust":1,"minecraft:copper_ore":18,"minecraft:cobblestone":1,"ancient_elements:reflectine":1,"minecraft:stone":29,"minecraft:diorite":1,"minecraft:deepslate":4,"minecraft:wall_torch":1,"minecraft:amethyst_block":2}},"DataVersion":3465}