{"stats":{"minecraft:used":{"minecraft:wooden_sword":36,"minecraft:crafting_table":2,"minecraft:stone_pickaxe":9,"minecraft:wooden_pickaxe":3},"minecraft:killed":{"minecraft:horse":5},"minecraft:killed_by":{"minecraft:skeleton":1},"minecraft:crafted":{"minecraft:wooden_sword":1,"minecraft:oak_planks":12,"minecraft:crafting_table":2,"minecraft:stick":4,"minecraft:stone_pickaxe":1},"minecraft:picked_up":{"minecraft:crafting_table":1,"minecraft:raw_iron":8,"minecraft:leather":5,"minecraft:wooden_pickaxe":1,"minecraft:oak_log":3,"minecraft:cobblestone":4},"minecraft:custom":{"minecraft:time_since_rest":2315,"minecraft:deaths":1,"minecraft:play_time":6982,"minecraft:sprint_one_cm":8005,"minecraft:damage_taken":420,"minecraft:walk_one_cm":30830,"minecraft:sneak_time":11,"minecraft:mob_kills":5,"minecraft:jump":51,"minecraft:damage_dealt":1466,"minecraft:time_since_death":2284,"minecraft:total_world_time":6982,"minecraft:fall_one_cm":209,"minecraft:interact_with_crafting_table":2,"minecraft:fly_one_cm":4450},"minecraft:mined":{"minecraft:oak_log":3,"minecraft:iron_ore":8,"minecraft:stone":4,"minecraft:crafting_table":1}},"DataVersion":3465}