{"stats":{"minecraft:picked_up":{"minecraft:birch_log":3,"minecraft:wooden_sword":1,"minecraft:crafting_table":1,"minecraft:wooden_pickaxe":1,"minecraft:oak_log":9,"minecraft:cobblestone":26},"minecraft:used":{"minecraft:crafting_table":1,"minecraft:wooden_pickaxe":24},"minecraft:mined":{"minecraft:oak_log":9,"minecraft:birch_log":1,"minecraft:stone":24,"minecraft:oak_leaves":1},"minecraft:custom":{"minecraft:time_since_rest":6771,"minecraft:play_time":6771,"minecraft:sprint_one_cm":322,"minecraft:damage_taken":30,"minecraft:walk_one_cm":14567,"minecraft:jump":82,"minecraft:damage_dealt":16,"minecraft:time_since_death":6771,"minecraft:total_world_time":6771,"minecraft:interact_with_crafting_table":3,"minecraft:fall_one_cm":1504,"minecraft:fly_one_cm":370},"minecraft:crafted":{"minecraft:stone_sword":1,"minecraft:furnace":1,"minecraft:oak_planks":36,"minecraft:stone_shovel":1,"ancient_elements:stone_hammer":1,"minecraft:stone_hoe":1,"minecraft:birch_planks":12,"minecraft:stone_axe":1,"minecraft:stick":16,"minecraft:wooden_pickaxe":1,"minecraft:stone_pickaxe":1}},"DataVersion":3465}