{"stats":{"minecraft:used":{"minecraft:string":1,"minecraft:wooden_pickaxe":20,"minecraft:wooden_sword":8,"minecraft:dirt":1,"minecraft:crafting_table":3,"scalinghealth:cursed_heart":9},"minecraft:custom":{"minecraft:time_since_rest":405,"minecraft:sprint_one_cm":28015,"minecraft:damage_taken":1672,"minecraft:walk_one_cm":26839,"minecraft:damage_dealt":442,"minecraft:fly_one_cm":56357,"minecraft:interact_with_crafting_table":4,"minecraft:swim_one_cm":4710,"minecraft:player_kills":1,"minecraft:play_time":16134,"minecraft:deaths":6,"minecraft:sneak_time":14,"minecraft:walk_under_water_one_cm":1793,"minecraft:jump":188,"minecraft:walk_on_water_one_cm":114,"minecraft:time_since_death":376,"minecraft:total_world_time":16134,"minecraft:fall_one_cm":5583},"minecraft:mined":{"minecraft:sweet_berry_bush":10,"minecraft:spruce_log":9,"minecraft:crafting_table":4,"minecraft:grass_block":1,"minecraft:gravel":3,"minecraft:spruce_leaves":10,"minecraft:stone":14,"minecraft:sugar_cane":1,"minecraft:diorite":6},"minecraft:crafted":{"minecraft:wooden_sword":1,"minecraft:crafting_table":1,"minecraft:spruce_planks":36,"minecraft:stick":12,"minecraft:wooden_pickaxe":1,"minecraft:stone_pickaxe":1},"minecraft:picked_up":{"minecraft:crafting_table":4,"minecraft:sweet_berries":25,"minecraft:gravel":3,"minecraft:spruce_sapling":1,"minecraft:diorite":6,"minecraft:spruce_log":9,"minecraft:string":2,"alexsmobs:animal_dictionary":1,"minecraft:dirt":1,"minecraft:spruce_planks":28,"minecraft:sugar_cane":3,"minecraft:cobblestone":14},"minecraft:killed_by":{"minecraft:skeleton":2,"minecraft:spider":2}},"DataVersion":3465}