{"stats":{"minecraft:picked_up":{"minecraft:birch_log":10,"minecraft:crafting_table":9,"minecraft:andesite":47,"minecraft:wooden_pickaxe":1,"minecraft:oak_stairs":1,"minecraft:oak_log":49,"minecraft:chainmail_chestplate":1,"minecraft:shield":1,"minecraft:gunpowder":2,"minecraft:dirt":16,"scalinghealth:heart_crystal":1,"minecraft:string":5,"minecraft:wooden_sword":1,"minecraft:iron_leggings":1,"minecraft:bone":24,"minecraft:cobbled_deepslate":87,"minecraft:raw_gold":6,"minecraft:spruce_planks":7,"minecraft:iron_ingot":2,"minecraft:stone_pickaxe":1,"minecraft:oak_boat":1,"minecraft:sugar_cane":7,"minecraft:melon_slice":36,"minecraft:coal_block":7,"minecraft:birch_sapling":2,"minecraft:oak_planks":4,"minecraft:furnace":3,"scalinghealth:heart_crystal_shard":3,"minecraft:stick":7,"minecraft:raw_iron":23,"minecraft:oak_fence":1,"minecraft:spruce_stairs":1,"royalvariations:royal_bone":1,"minecraft:sand":129,"minecraft:carrot":2,"alexscaves:tripodfish":1,"minecraft:tnt":2,"minecraft:diamond":66,"minecraft:arrow":17,"minecraft:stone_shovel":1,"minecraft:rotten_flesh":11,"minecraft:granite":76,"minecraft:oak_sapling":1,"minecraft:dark_oak_fence":1,"minecraft:coal":2,"iceandfire:raw_silver":1,"minecraft:cobblestone":221},"minecraft:broken":{"minecraft:shield":1,"minecraft:stone_axe":1,"minecraft:iron_leggings":1,"ancient_elements:stone_hammer":3},"minecraft:used":{"minecraft:stone_shovel":92,"minecraft:oak_planks":34,"minecraft:wooden_pickaxe":26,"minecraft:birch_boat":1,"minecraft:spruce_planks":7,"minecraft:shield":12,"minecraft:dirt":5,"minecraft:mutton":1,"scalinghealth:heart_crystal":1,"minecraft:tnt":2,"minecraft:crafting_table":9,"minecraft:spruce_stairs":1,"ancient_elements:stone_hammer":422,"minecraft:iron_axe":46,"minecraft:melon_slice":6,"minecraft:iron_pickaxe":71,"minecraft:stone_axe":110,"minecraft:wooden_sword":41,"minecraft:cobblestone":16,"minecraft:furnace":2,"minecraft:dark_oak_fence":1,"minecraft:oak_boat":3},"minecraft:killed":{"minecraft:vindicator":8,"minecraft:spider":1,"dungeonsweaponry:enchanter":2,"royalvariations:royal_skeleton":1,"minecraft:skeleton":15,"royalvariations:royal_zombie":1,"minecraft:zombie":8,"minecraft:silverfish":4},"minecraft:mined":{"minecraft:diamond_ore":3,"minecraft:tuff":12,"minecraft:spruce_planks":7,"minecraft:deepslate_diamond_ore":53,"minecraft:oak_fence":2,"minecraft:crafting_table":8,"minecraft:granite":18,"minecraft:stripped_crimson_hyphae":2,"minecraft:grass_block":7,"minecraft:melon":7,"minecraft:coal_block":6,"minecraft:oak_planks":4,"minecraft:sugar_cane":3,"minecraft:diorite":8,"minecraft:spawner":3,"minecraft:spruce_stairs":2,"minecraft:furnace":2,"minecraft:barrel":1,"minecraft:birch_log":8,"minecraft:iron_ore":6,"minecraft:fire":1,"minecraft:andesite":21,"minecraft:oak_stairs":1,"minecraft:grass":1,"minecraft:oak_log":47,"minecraft:gravel":12,"minecraft:sand":65,"minecraft:dirt":48,"minecraft:stone":164,"minecraft:oak_leaves":7,"minecraft:deepslate":129},"minecraft:custom":{"minecraft:interact_with_furnace":1,"minecraft:mob_kills":41,"minecraft:interact_with_crafting_table":15,"minecraft:open_barrel":35,"minecraft:damage_dealt_resisted":110,"minecraft:leave_game":2,"minecraft:time_since_death":1079,"minecraft:climb_one_cm":3199,"minecraft:time_since_rest":1227,"minecraft:sprint_one_cm":57917,"minecraft:damage_taken":11925,"minecraft:walk_one_cm":219597,"minecraft:damage_blocked_by_shield":930,"minecraft:drop":38,"minecraft:damage_dealt":9215,"minecraft:swim_one_cm":31342,"minecraft:fly_one_cm":60432,"minecraft:open_chest":11,"minecraft:crouch_one_cm":8924,"minecraft:play_time":99084,"minecraft:deaths":37,"minecraft:sneak_time":4608,"minecraft:walk_under_water_one_cm":29441,"minecraft:boat_one_cm":171470,"minecraft:jump":628,"minecraft:walk_on_water_one_cm":9623,"minecraft:total_world_time":99084,"minecraft:fall_one_cm":10071},"minecraft:crafted":{"minecraft:oak_planks":112,"minecraft:stone_shovel":1,"minecraft:coal":63,"minecraft:crafting_table":1,"minecraft:birch_boat":1,"minecraft:wooden_pickaxe":1,"minecraft:furnace":1,"minecraft:birch_planks":12,"minecraft:stone_axe":1,"minecraft:bread":1,"minecraft:oak_boat":2,"minecraft:iron_axe":1,"minecraft:stick":44,"minecraft:iron_pickaxe":1,"minecraft:stone_pickaxe":1,"minecraft:iron_block":3,"minecraft:stone_sword":1,"ancient_elements:stone_hammer":5,"minecraft:stone_hoe":1},"minecraft:dropped":{"minecraft:stone_hoe":1,"minecraft:furnace":1,"minecraft:oak_log":2,"minecraft:baked_potato":4,"minecraft:cobbled_deepslate":87,"minecraft:wheat":1,"minecraft:stone_shovel":1,"minecraft:rotten_flesh":11,"minecraft:cobblestone":109,"minecraft:granite":73,"minecraft:carrot":2,"minecraft:coal":2,"minecraft:stick":16,"minecraft:dirt":11,"minecraft:milk_bucket":1,"minecraft:andesite":47,"minecraft:wooden_sword":1,"minecraft:sand":64,"minecraft:stone_pickaxe":2,"minecraft:birch_log":7},"minecraft:killed_by":{"minecraft:vindicator":1,"royalvariations:royal_skeleton":3,"minecraft:skeleton":30,"minecraft:creeper":2}},"DataVersion":3465}