{"stats":{"minecraft:broken":{"minecraft:golden_boots":1,"minecraft:stone_pickaxe":2,"minecraft:wooden_sword":1},"minecraft:killed_by":{"ancient_elements:scarlet_crystal_slime":2,"minecraft:player":4,"royalvariations:royal_skeleton":3,"minecraft:skeleton":8,"minecraft:zombie":4},"minecraft:custom":{"minecraft:mob_kills":20,"minecraft:interact_with_crafting_table":20,"minecraft:open_barrel":1,"minecraft:damage_dealt_resisted":108,"minecraft:leave_game":9,"minecraft:time_since_death":2563,"minecraft:climb_one_cm":483,"minecraft:sprint_one_cm":110389,"minecraft:walk_one_cm":315571,"minecraft:drop":101,"minecraft:talked_to_villager":2,"minecraft:play_time":113559,"minecraft:deaths":25,"minecraft:sneak_time":3503,"minecraft:walk_under_water_one_cm":4055,"minecraft:jump":1140,"minecraft:walk_on_water_one_cm":4794,"minecraft:total_world_time":113559,"minecraft:interact_with_furnace":21,"minecraft:sleep_in_bed":3,"minecraft:time_since_rest":2606,"minecraft:damage_taken":7839,"minecraft:damage_dealt":9523,"minecraft:fly_one_cm":185774,"minecraft:player_kills":5,"minecraft:open_chest":7,"minecraft:crouch_one_cm":7053,"minecraft:fall_one_cm":34547},"minecraft:used":{"minecraft:flint_and_steel":29,"minecraft:iron_sword":47,"minecraft:torch":7,"ancient_elements:stone_hammer":29,"minecraft:iron_axe":86,"minecraft:iron_boots":1,"minecraft:bow":12,"minecraft:furnace":1,"minecraft:brown_bed":1,"minecraft:stone_pickaxe":177,"minecraft:wooden_pickaxe":3,"minecraft:tnt":47,"minecraft:crafting_table":6,"scalinghealth:cursed_heart":13,"minecraft:dripstone_block":2,"minecraft:iron_pickaxe":110,"minecraft:wooden_sword":59,"minecraft:cobblestone":39},"minecraft:dropped":{"minecraft:mossy_cobblestone":4,"minecraft:oak_fence":4,"minecraft:cobblestone":24,"minecraft:leather":1,"minecraft:amethyst_block":2,"ancient_elements:reflectine":6,"ancient_elements:budding_selenite":3,"minecraft:diorite":1,"majruszsdifficulty:tattered_leggings":1,"minecraft:string":1,"minecraft:music_disc_cat":3,"minecraft:bone":2,"minecraft:smooth_basalt":6,"minecraft:cobbled_deepslate":5,"minecraft:raw_copper":62,"minecraft:rotten_flesh":10,"minecraft:pumpkin_seeds":6,"minecraft:gunpowder":3,"minecraft:arrow":2,"minecraft:bow":1,"minecraft:calcite":2},"minecraft:mined":{"alexscaves:spelunkery_table":1,"minecraft:deepslate_diamond_ore":2,"biomesoplenty:bush":2,"minecraft:grass_block":3,"ancient_elements:scarlet_clust":2,"minecraft:spawner":2,"minecraft:large_fern":2,"minecraft:hay_block":4,"minecraft:furnace":3,"minecraft:iron_ore":58,"minecraft:cobbled_deepslate":1,"minecraft:fire":1,"ancient_elements:selenite_clust":4,"ancient_elements:tin_ore":1,"minecraft:brown_bed":1,"minecraft:bookshelf":1,"minecraft:deepslate_iron_ore":39,"ancient_elements:palladium_ore":3,"ancient_elements:reflectine":3,"minecraft:stone":68,"minecraft:podzol":3,"minecraft:crafting_table":7,"minecraft:torch":1,"minecraft:calcite":2,"minecraft:chest":1,"ancient_elements:nocturnal_crystal_block":1,"ancient_elements:verdant_viridium_crystal_block":12,"ancient_elements:deepslate_tin_ore":1,"minecraft:cobblestone":1,"minecraft:copper_ore":18,"minecraft:diorite":1,"minecraft:wall_torch":1,"minecraft:amethyst_block":2,"ancient_elements:verdant_viridium_clust":7,"minecraft:gray_bed":1,"minecraft:black_bed":2,"minecraft:oak_log":4,"minecraft:coal_ore":10,"biomesoplenty:redwood_leaves":41,"minecraft:dirt":1,"minecraft:smooth_basalt":6,"biomesoplenty:redwood_wood":12,"minecraft:deepslate":7,"minecraft:fern":2},"minecraft:killed":{"minecraft:spider":2,"royalvariations:royal_skeleton":1,"minecraft:skeleton":6,"minecraft:horse":5,"minecraft:zombie":6},"minecraft:picked_up":{"minecraft:wheat":3,"minecraft:crafting_table":6,"minecraft:wooden_pickaxe":1,"minecraft:brown_bed":1,"ancient_elements:raw_palladium":3,"minecraft:amethyst_block":2,"minecraft:music_disc_cat":3,"minecraft:string":2,"minecraft:raw_copper":63,"ancient_elements:selenite_shard":12,"minecraft:cobbled_deepslate":19,"minecraft:calcite":2,"ancient_elements:nocturnal_crystal_block":1,"minecraft:iron_pickaxe":1,"biomesoplenty:redwood_wood":12,"minecraft:chest":1,"minecraft:furnace":3,"minecraft:stick":5,"minecraft:raw_iron":97,"minecraft:torch":2,"ancient_elements:verdant_viridium_shard":24,"ancient_elements:raw_tin":6,"minecraft:diorite":1,"ancient_elements:reflectine":6,"minecraft:arrow":18,"minecraft:rotten_flesh":5,"minecraft:hay_block":4,"alexscaves:spelunkery_table":1,"minecraft:cobblestone":174,"minecraft:black_bed":2,"minecraft:leather":6,"minecraft:tuff":3,"minecraft:oak_log":4,"minecraft:golden_boots":1,"minecraft:gunpowder":3,"minecraft:dirt":6,"ancient_elements:verdant_viridium_crystal_block":12,"minecraft:bone":21,"minecraft:bow":3,"majruszsdifficulty:tattered_leggings":1,"minecraft:wheat_seeds":1,"minecraft:stone_pickaxe":1,"minecraft:gray_bed":1,"minecraft:book":3,"minecraft:smooth_basalt":6,"ancient_elements:scarlet_shard":6,"minecraft:dripstone_block":2,"minecraft:mossy_cobblestone":6,"ancient_elements:budding_selenite":3,"minecraft:pumpkin_seeds":6,"minecraft:diamond":2,"minecraft:iron_helmet":1,"minecraft:coal":14},"minecraft:crafted":{"minecraft:wooden_sword":1,"minecraft:oak_planks":16,"minecraft:furnace":1,"minecraft:iron_boots":1,"minecraft:iron_axe":1,"minecraft:stone_pickaxe":1,"sophisticatedbackpacks:iron_backpack":1,"minecraft:wheat":36,"sophisticatedbackpacks:backpack":1,"minecraft:crafting_table":2,"minecraft:iron_helmet":1,"minecraft:iron_sword":1,"minecraft:air":0,"minecraft:iron_chestplate":1,"minecraft:stick":12,"minecraft:iron_ingot":63,"minecraft:iron_leggings":1,"ancient_elements:stone_hammer":1,"minecraft:torch":4}},"DataVersion":3465}