{"stats":{"minecraft:picked_up":{"minecraft:birch_log":3,"minecraft:crafting_table":3,"minecraft:wooden_pickaxe":1,"minecraft:oak_log":9,"minecraft:chainmail_chestplate":1,"minecraft:shield":1,"minecraft:string":2,"minecraft:wooden_sword":1,"minecraft:iron_leggings":1,"minecraft:bone":8,"minecraft:spruce_planks":2,"minecraft:iron_ingot":2,"minecraft:coal_block":7,"minecraft:melon_slice":27,"minecraft:sugar_cane":7,"minecraft:birch_sapling":2,"minecraft:furnace":1,"minecraft:stick":3,"minecraft:raw_iron":5,"royalvariations:royal_bone":1,"minecraft:sand":65,"minecraft:carrot":2,"minecraft:rotten_flesh":11,"minecraft:arrow":9,"minecraft:stone_shovel":1,"minecraft:oak_sapling":1,"minecraft:coal":2,"iceandfire:raw_silver":1,"minecraft:cobblestone":38},"minecraft:broken":{"minecraft:shield":1},"minecraft:used":{"minecraft:stone_shovel":66,"minecraft:oak_planks":9,"minecraft:shield":12,"minecraft:birch_boat":1,"minecraft:wooden_pickaxe":26,"minecraft:crafting_table":3,"ancient_elements:stone_hammer":55,"minecraft:stone_axe":10,"minecraft:wooden_sword":41,"minecraft:furnace":1,"minecraft:oak_boat":1},"minecraft:killed":{"minecraft:spider":1,"royalvariations:royal_skeleton":1,"minecraft:skeleton":3,"royalvariations:royal_zombie":1,"minecraft:zombie":8,"minecraft:silverfish":4},"minecraft:mined":{"minecraft:spruce_planks":2,"minecraft:crafting_table":2,"minecraft:melon":5,"minecraft:coal_block":6,"minecraft:sugar_cane":3,"minecraft:spawner":3,"minecraft:furnace":1,"minecraft:birch_log":1,"minecraft:iron_ore":2,"minecraft:oak_log":9,"minecraft:sand":65,"minecraft:stone":24,"minecraft:oak_leaves":1},"minecraft:custom":{"minecraft:mob_kills":19,"minecraft:interact_with_crafting_table":6,"minecraft:open_barrel":14,"minecraft:damage_dealt_resisted":110,"minecraft:leave_game":1,"minecraft:time_since_death":3507,"minecraft:climb_one_cm":1313,"minecraft:time_since_rest":3533,"minecraft:sprint_one_cm":37389,"minecraft:damage_taken":6531,"minecraft:walk_one_cm":86104,"minecraft:damage_blocked_by_shield":930,"minecraft:drop":3,"minecraft:damage_dealt":3747,"minecraft:swim_one_cm":22539,"minecraft:fly_one_cm":44704,"minecraft:open_chest":4,"minecraft:crouch_one_cm":3775,"minecraft:play_time":28016,"minecraft:deaths":23,"minecraft:sneak_time":1307,"minecraft:walk_under_water_one_cm":9260,"minecraft:boat_one_cm":24300,"minecraft:jump":288,"minecraft:walk_on_water_one_cm":2752,"minecraft:total_world_time":28016,"minecraft:fall_one_cm":6195},"minecraft:dropped":{"minecraft:stone_shovel":1,"minecraft:coal":2,"minecraft:wooden_sword":1},"minecraft:crafted":{"minecraft:oak_planks":36,"minecraft:coal":63,"minecraft:stone_shovel":1,"minecraft:wooden_pickaxe":1,"minecraft:birch_boat":1,"minecraft:furnace":1,"minecraft:birch_planks":12,"minecraft:stone_axe":1,"minecraft:oak_boat":1,"minecraft:stick":16,"minecraft:stone_pickaxe":1,"minecraft:stone_sword":1,"ancient_elements:stone_hammer":1,"minecraft:stone_hoe":1},"minecraft:killed_by":{"royalvariations:royal_skeleton":3,"minecraft:skeleton":19,"minecraft:creeper":1}},"DataVersion":3465}