{"stats":{"minecraft:picked_up":{"minecraft:birch_log":10,"minecraft:crafting_table":5,"minecraft:andesite":23,"minecraft:wooden_pickaxe":1,"minecraft:oak_log":49,"minecraft:chainmail_chestplate":1,"minecraft:shield":1,"minecraft:gunpowder":2,"minecraft:dirt":16,"scalinghealth:heart_crystal":1,"minecraft:string":5,"minecraft:wooden_sword":1,"minecraft:iron_leggings":1,"minecraft:bone":22,"minecraft:spruce_planks":7,"minecraft:iron_ingot":2,"minecraft:oak_boat":1,"minecraft:sugar_cane":7,"minecraft:melon_slice":27,"minecraft:coal_block":7,"minecraft:birch_sapling":2,"minecraft:furnace":2,"minecraft:stick":3,"minecraft:raw_iron":9,"minecraft:oak_fence":1,"minecraft:spruce_stairs":1,"royalvariations:royal_bone":1,"minecraft:sand":129,"minecraft:carrot":2,"minecraft:tnt":2,"minecraft:arrow":13,"minecraft:stone_shovel":1,"minecraft:rotten_flesh":11,"minecraft:granite":7,"minecraft:oak_sapling":1,"minecraft:dark_oak_fence":1,"minecraft:coal":2,"iceandfire:raw_silver":1,"minecraft:cobblestone":173},"minecraft:broken":{"minecraft:shield":1,"ancient_elements:stone_hammer":1},"minecraft:used":{"minecraft:stone_shovel":80,"minecraft:oak_planks":29,"minecraft:wooden_pickaxe":26,"minecraft:birch_boat":1,"minecraft:spruce_planks":7,"minecraft:shield":12,"minecraft:dirt":5,"minecraft:mutton":1,"scalinghealth:heart_crystal":1,"minecraft:tnt":2,"minecraft:crafting_table":6,"minecraft:spruce_stairs":1,"ancient_elements:stone_hammer":204,"minecraft:melon_slice":3,"minecraft:stone_axe":88,"minecraft:wooden_sword":41,"minecraft:cobblestone":16,"minecraft:furnace":2,"minecraft:dark_oak_fence":1,"minecraft:oak_boat":2},"minecraft:killed":{"minecraft:spider":1,"royalvariations:royal_skeleton":1,"minecraft:skeleton":11,"royalvariations:royal_zombie":1,"minecraft:zombie":8,"minecraft:silverfish":4},"minecraft:mined":{"minecraft:spruce_planks":7,"minecraft:oak_fence":1,"minecraft:crafting_table":4,"minecraft:grass_block":7,"minecraft:melon":5,"minecraft:coal_block":6,"minecraft:sugar_cane":3,"minecraft:diorite":2,"minecraft:spawner":3,"minecraft:spruce_stairs":1,"minecraft:furnace":1,"minecraft:birch_log":8,"minecraft:iron_ore":4,"minecraft:andesite":14,"minecraft:grass":1,"minecraft:oak_log":47,"minecraft:gravel":2,"minecraft:sand":65,"minecraft:dirt":18,"minecraft:stone":134,"minecraft:oak_leaves":7},"minecraft:custom":{"minecraft:interact_with_furnace":1,"minecraft:mob_kills":27,"minecraft:interact_with_crafting_table":11,"minecraft:open_barrel":24,"minecraft:damage_dealt_resisted":110,"minecraft:leave_game":2,"minecraft:time_since_death":22930,"minecraft:climb_one_cm":3199,"minecraft:time_since_rest":22955,"minecraft:sprint_one_cm":53570,"minecraft:damage_taken":10497,"minecraft:walk_one_cm":153482,"minecraft:damage_blocked_by_shield":930,"minecraft:drop":17,"minecraft:damage_dealt":5011,"minecraft:swim_one_cm":28983,"minecraft:fly_one_cm":54091,"minecraft:open_chest":9,"minecraft:crouch_one_cm":7923,"minecraft:play_time":63084,"minecraft:deaths":35,"minecraft:sneak_time":3055,"minecraft:walk_under_water_one_cm":16042,"minecraft:boat_one_cm":68265,"minecraft:jump":454,"minecraft:walk_on_water_one_cm":6233,"minecraft:total_world_time":63084,"minecraft:fall_one_cm":6713},"minecraft:crafted":{"minecraft:oak_planks":112,"minecraft:stone_shovel":1,"minecraft:coal":63,"minecraft:crafting_table":1,"minecraft:birch_boat":1,"minecraft:wooden_pickaxe":1,"minecraft:furnace":1,"minecraft:birch_planks":12,"minecraft:stone_axe":1,"minecraft:bread":1,"minecraft:oak_boat":2,"minecraft:stick":36,"minecraft:stone_pickaxe":1,"minecraft:stone_sword":1,"ancient_elements:stone_hammer":3,"minecraft:stone_hoe":1},"minecraft:dropped":{"minecraft:furnace":1,"minecraft:oak_log":2,"minecraft:wheat":1,"minecraft:stone_shovel":1,"minecraft:rotten_flesh":11,"minecraft:cobblestone":61,"minecraft:coal":2,"minecraft:dirt":11,"minecraft:andesite":15,"minecraft:wooden_sword":1,"minecraft:sand":64,"minecraft:birch_log":7},"minecraft:killed_by":{"royalvariations:royal_skeleton":3,"minecraft:skeleton":30,"minecraft:creeper":2}},"DataVersion":3465}