{"stats":{"minecraft:killed":{"minecraft:horse":5,"minecraft:skeleton":4,"minecraft:zombie":2},"minecraft:used":{"minecraft:stone_pickaxe":177,"minecraft:wooden_pickaxe":3,"minecraft:iron_sword":6,"minecraft:torch":7,"minecraft:crafting_table":4,"minecraft:iron_pickaxe":28,"minecraft:wooden_sword":59,"minecraft:cobblestone":9,"minecraft:bow":9,"minecraft:furnace":1},"minecraft:killed_by":{"ancient_elements:scarlet_crystal_slime":2,"minecraft:player":3,"royalvariations:royal_skeleton":2,"minecraft:skeleton":7,"minecraft:zombie":1},"minecraft:crafted":{"minecraft:wooden_sword":1,"minecraft:oak_planks":16,"minecraft:crafting_table":2,"minecraft:iron_helmet":1,"minecraft:iron_sword":1,"minecraft:furnace":1,"minecraft:air":0,"minecraft:iron_boots":1,"minecraft:iron_chestplate":1,"minecraft:iron_axe":1,"minecraft:stick":8,"minecraft:iron_ingot":63,"minecraft:stone_pickaxe":1,"minecraft:iron_leggings":1,"minecraft:torch":4},"minecraft:picked_up":{"minecraft:crafting_table":2,"minecraft:leather":6,"minecraft:wooden_pickaxe":1,"minecraft:oak_log":4,"ancient_elements:raw_palladium":3,"minecraft:amethyst_block":2,"minecraft:raw_copper":63,"ancient_elements:verdant_viridium_crystal_block":12,"minecraft:bone":5,"ancient_elements:selenite_shard":12,"minecraft:bow":1,"minecraft:cobbled_deepslate":5,"minecraft:stone_pickaxe":1,"ancient_elements:nocturnal_crystal_block":1,"minecraft:calcite":2,"minecraft:iron_pickaxe":1,"minecraft:furnace":1,"minecraft:raw_iron":63,"minecraft:smooth_basalt":6,"ancient_elements:scarlet_shard":6,"minecraft:torch":2,"ancient_elements:verdant_viridium_shard":24,"ancient_elements:raw_tin":6,"minecraft:diorite":1,"ancient_elements:budding_selenite":1,"ancient_elements:reflectine":6,"minecraft:arrow":6,"minecraft:rotten_flesh":5,"minecraft:diamond":2,"minecraft:iron_helmet":1,"minecraft:hay_block":4,"minecraft:coal":10,"minecraft:cobblestone":36},"minecraft:dropped":{"minecraft:oak_fence":4,"minecraft:cobblestone":1,"minecraft:leather":1,"ancient_elements:reflectine":3,"ancient_elements:budding_selenite":1,"minecraft:smooth_basalt":6},"minecraft:custom":{"minecraft:interact_with_furnace":15,"minecraft:mob_kills":11,"minecraft:interact_with_crafting_table":14,"minecraft:leave_game":7,"minecraft:time_since_death":9634,"minecraft:time_since_rest":9662,"minecraft:sprint_one_cm":49793,"minecraft:damage_taken":4819,"minecraft:walk_one_cm":174660,"minecraft:drop":11,"minecraft:damage_dealt":3524,"minecraft:talked_to_villager":2,"minecraft:fly_one_cm":65633,"minecraft:player_kills":2,"minecraft:open_chest":2,"minecraft:walk_under_water_one_cm":1496,"minecraft:crouch_one_cm":2675,"minecraft:play_time":68803,"minecraft:deaths":17,"minecraft:sneak_time":1623,"minecraft:jump":456,"minecraft:walk_on_water_one_cm":198,"minecraft:total_world_time":68803,"minecraft:fall_one_cm":8528},"minecraft:broken":{"minecraft:stone_pickaxe":2,"minecraft:wooden_sword":1},"minecraft:mined":{"minecraft:deepslate_diamond_ore":2,"minecraft:crafting_table":3,"minecraft:torch":1,"minecraft:grass_block":1,"minecraft:calcite":2,"ancient_elements:nocturnal_crystal_block":1,"ancient_elements:verdant_viridium_crystal_block":12,"ancient_elements:deepslate_tin_ore":1,"ancient_elements:scarlet_clust":2,"minecraft:copper_ore":18,"minecraft:cobblestone":1,"minecraft:diorite":1,"minecraft:wall_torch":1,"minecraft:amethyst_block":2,"minecraft:hay_block":4,"ancient_elements:verdant_viridium_clust":7,"minecraft:furnace":1,"minecraft:iron_ore":25,"ancient_elements:selenite_clust":4,"ancient_elements:tin_ore":1,"minecraft:oak_log":4,"minecraft:coal_ore":10,"minecraft:deepslate_iron_ore":35,"ancient_elements:palladium_ore":3,"minecraft:smooth_basalt":6,"ancient_elements:reflectine":3,"minecraft:stone":29,"minecraft:deepslate":4}},"DataVersion":3465}