{"stats":{"minecraft:killed":{"minecraft:spider":2,"minecraft:horse":5,"minecraft:skeleton":6,"minecraft:zombie":6},"minecraft:used":{"minecraft:flint_and_steel":23,"minecraft:stone_pickaxe":177,"minecraft:wooden_pickaxe":3,"minecraft:iron_sword":47,"minecraft:torch":7,"minecraft:tnt":47,"minecraft:crafting_table":6,"scalinghealth:cursed_heart":13,"minecraft:dripstone_block":2,"ancient_elements:stone_hammer":28,"minecraft:iron_axe":6,"minecraft:iron_pickaxe":68,"minecraft:cobblestone":39,"minecraft:wooden_sword":59,"minecraft:bow":12,"minecraft:furnace":1},"minecraft:killed_by":{"ancient_elements:scarlet_crystal_slime":2,"minecraft:player":4,"royalvariations:royal_skeleton":2,"minecraft:skeleton":8,"minecraft:zombie":2},"minecraft:crafted":{"minecraft:wooden_sword":1,"minecraft:oak_planks":16,"sophisticatedbackpacks:backpack":1,"minecraft:crafting_table":2,"minecraft:iron_helmet":1,"minecraft:iron_sword":1,"minecraft:furnace":1,"minecraft:air":0,"minecraft:iron_boots":1,"minecraft:iron_chestplate":1,"minecraft:iron_axe":1,"minecraft:stick":12,"minecraft:iron_ingot":63,"minecraft:stone_pickaxe":1,"minecraft:iron_leggings":1,"ancient_elements:stone_hammer":1,"minecraft:torch":4,"sophisticatedbackpacks:iron_backpack":1,"minecraft:wheat":36},"minecraft:picked_up":{"minecraft:wheat":3,"minecraft:crafting_table":5,"minecraft:leather":6,"minecraft:wooden_pickaxe":1,"minecraft:oak_log":4,"minecraft:golden_boots":1,"ancient_elements:raw_palladium":3,"minecraft:gunpowder":3,"minecraft:amethyst_block":2,"minecraft:music_disc_cat":3,"minecraft:string":2,"minecraft:raw_copper":63,"ancient_elements:verdant_viridium_crystal_block":12,"minecraft:bone":14,"ancient_elements:selenite_shard":12,"minecraft:bow":2,"majruszsdifficulty:tattered_leggings":1,"minecraft:cobbled_deepslate":13,"minecraft:stone_pickaxe":1,"ancient_elements:nocturnal_crystal_block":1,"minecraft:calcite":2,"minecraft:iron_pickaxe":1,"minecraft:chest":1,"minecraft:furnace":3,"minecraft:stick":3,"minecraft:raw_iron":89,"minecraft:smooth_basalt":6,"ancient_elements:scarlet_shard":6,"minecraft:dripstone_block":2,"minecraft:torch":2,"ancient_elements:verdant_viridium_shard":24,"ancient_elements:raw_tin":6,"minecraft:diorite":1,"minecraft:mossy_cobblestone":6,"minecraft:pumpkin_seeds":6,"ancient_elements:budding_selenite":3,"ancient_elements:reflectine":6,"minecraft:arrow":12,"minecraft:rotten_flesh":5,"minecraft:diamond":2,"minecraft:iron_helmet":1,"minecraft:hay_block":4,"alexscaves:spelunkery_table":1,"minecraft:coal":14,"minecraft:cobblestone":141},"minecraft:dropped":{"minecraft:cobbled_deepslate":5,"minecraft:raw_copper":62,"minecraft:mossy_cobblestone":4,"minecraft:oak_fence":4,"minecraft:rotten_flesh":10,"minecraft:cobblestone":24,"minecraft:amethyst_block":2,"minecraft:leather":1,"ancient_elements:reflectine":6,"minecraft:pumpkin_seeds":6,"ancient_elements:budding_selenite":3,"minecraft:gunpowder":3,"minecraft:diorite":1,"minecraft:arrow":2,"minecraft:bow":1,"minecraft:calcite":2,"majruszsdifficulty:tattered_leggings":1,"minecraft:string":1,"minecraft:music_disc_cat":3,"minecraft:bone":2,"minecraft:smooth_basalt":6},"minecraft:custom":{"minecraft:interact_with_furnace":21,"minecraft:mob_kills":19,"minecraft:interact_with_crafting_table":20,"minecraft:leave_game":8,"minecraft:time_since_death":307,"minecraft:sleep_in_bed":1,"minecraft:climb_one_cm":306,"minecraft:time_since_rest":43,"minecraft:sprint_one_cm":81016,"minecraft:damage_taken":6314,"minecraft:walk_one_cm":270951,"minecraft:drop":101,"minecraft:damage_dealt":8127,"minecraft:talked_to_villager":2,"minecraft:fly_one_cm":129131,"minecraft:player_kills":5,"minecraft:open_chest":7,"minecraft:crouch_one_cm":6943,"minecraft:play_time":100531,"minecraft:deaths":21,"minecraft:sneak_time":3381,"minecraft:walk_under_water_one_cm":4055,"minecraft:jump":824,"minecraft:walk_on_water_one_cm":4794,"minecraft:total_world_time":100531,"minecraft:fall_one_cm":19955},"minecraft:broken":{"minecraft:stone_pickaxe":2,"minecraft:wooden_sword":1},"minecraft:mined":{"alexscaves:spelunkery_table":1,"minecraft:deepslate_diamond_ore":2,"minecraft:crafting_table":6,"minecraft:torch":1,"minecraft:grass_block":1,"minecraft:calcite":2,"minecraft:chest":1,"ancient_elements:nocturnal_crystal_block":1,"ancient_elements:verdant_viridium_crystal_block":12,"ancient_elements:deepslate_tin_ore":1,"ancient_elements:scarlet_clust":2,"minecraft:copper_ore":18,"minecraft:cobblestone":1,"minecraft:diorite":1,"minecraft:wall_torch":1,"minecraft:amethyst_block":2,"minecraft:spawner":2,"minecraft:hay_block":4,"ancient_elements:verdant_viridium_clust":7,"minecraft:furnace":3,"minecraft:iron_ore":50,"minecraft:fire":1,"ancient_elements:selenite_clust":4,"ancient_elements:tin_ore":1,"minecraft:oak_log":4,"minecraft:coal_ore":10,"minecraft:deepslate_iron_ore":39,"ancient_elements:palladium_ore":3,"minecraft:smooth_basalt":6,"ancient_elements:reflectine":3,"minecraft:stone":35,"minecraft:deepslate":7}},"DataVersion":3465}