{"stats":{"minecraft:used":{"minecraft:stone_pickaxe":40,"minecraft:wooden_pickaxe":3,"minecraft:wooden_sword":59,"minecraft:torch":6,"minecraft:crafting_table":2},"minecraft:killed":{"minecraft:horse":5,"minecraft:skeleton":3,"minecraft:zombie":1},"minecraft:killed_by":{"minecraft:skeleton":5,"minecraft:zombie":1},"minecraft:crafted":{"minecraft:wooden_sword":1,"minecraft:oak_planks":12,"minecraft:crafting_table":2,"minecraft:stick":4,"minecraft:stone_pickaxe":1,"minecraft:torch":4},"minecraft:picked_up":{"minecraft:raw_iron":14,"minecraft:crafting_table":1,"minecraft:leather":6,"minecraft:torch":2,"minecraft:wooden_pickaxe":1,"minecraft:oak_log":3,"minecraft:raw_copper":34,"minecraft:rotten_flesh":2,"minecraft:arrow":5,"minecraft:bone":5,"minecraft:bow":1,"minecraft:coal":10,"minecraft:cobblestone":9},"minecraft:dropped":{"minecraft:cobblestone":1,"minecraft:leather":1},"minecraft:broken":{"minecraft:wooden_sword":1},"minecraft:custom":{"minecraft:time_since_rest":4739,"minecraft:sprint_one_cm":20237,"minecraft:damage_taken":2085,"minecraft:walk_one_cm":56912,"minecraft:mob_kills":9,"minecraft:drop":2,"minecraft:damage_dealt":2465,"minecraft:interact_with_crafting_table":2,"minecraft:fly_one_cm":13543,"minecraft:crouch_one_cm":866,"minecraft:play_time":25033,"minecraft:deaths":6,"minecraft:sneak_time":327,"minecraft:jump":139,"minecraft:leave_game":4,"minecraft:time_since_death":0,"minecraft:total_world_time":25033,"minecraft:fall_one_cm":1860},"minecraft:mined":{"minecraft:iron_ore":14,"minecraft:crafting_table":1,"minecraft:torch":1,"minecraft:oak_log":3,"minecraft:coal_ore":10,"minecraft:copper_ore":9,"minecraft:stone":9,"minecraft:wall_torch":1}},"DataVersion":3465}