{"stats":{"minecraft:killed":{"caneswonderfulspidersoverhaul:cobbleshell_spider":1,"minecraft:skeleton":2,"alexsmobs:flutter":1},"minecraft:used":{"minecraft:stone_pickaxe":46,"minecraft:wooden_pickaxe":23,"minecraft:dirt":1,"minecraft:crafting_table":3,"scalinghealth:cursed_heart":9,"minecraft:string":1,"minecraft:wooden_sword":71,"minecraft:sweet_berries":4},"minecraft:broken":{"minecraft:wooden_sword":1},"minecraft:custom":{"minecraft:mob_kills":4,"minecraft:interact_with_crafting_table":4,"minecraft:eat_cake_slice":2,"minecraft:leave_game":2,"minecraft:time_since_death":441,"minecraft:climb_one_cm":135,"minecraft:damage_resisted":20,"minecraft:time_since_rest":819,"minecraft:sprint_one_cm":57123,"minecraft:damage_taken":10313,"minecraft:walk_one_cm":113421,"minecraft:drop":2,"minecraft:damage_dealt":2513,"minecraft:swim_one_cm":4710,"minecraft:fly_one_cm":112113,"minecraft:player_kills":2,"minecraft:crouch_one_cm":467,"minecraft:play_time":52593,"minecraft:deaths":36,"minecraft:sneak_time":266,"minecraft:walk_under_water_one_cm":1793,"minecraft:jump":522,"minecraft:walk_on_water_one_cm":2259,"minecraft:total_world_time":52593,"minecraft:fall_one_cm":18137},"minecraft:mined":{"minecraft:soul_lantern":3,"minecraft:crafting_table":5,"minecraft:grass_block":1,"minecraft:calcite":1,"minecraft:tall_grass":5,"minecraft:soul_campfire":1,"minecraft:spruce_leaves":10,"minecraft:sugar_cane":1,"minecraft:moss_block":2,"minecraft:diorite":6,"minecraft:deepslate_copper_ore":1,"minecraft:iron_ore":1,"minecraft:sweet_berry_bush":10,"minecraft:spruce_log":9,"minecraft:polished_deepslate":1,"minecraft:grass":9,"minecraft:coal_ore":10,"minecraft:deepslate_iron_ore":15,"minecraft:gravel":3,"minecraft:smooth_basalt":1,"minecraft:azalea":1,"minecraft:stone":14,"minecraft:player_head":1},"minecraft:dropped":{"minecraft:wheat_seeds":1,"minecraft:crafting_table":1},"minecraft:crafted":{"minecraft:wooden_sword":1,"minecraft:crafting_table":1,"minecraft:spruce_planks":36,"minecraft:wooden_pickaxe":1,"minecraft:stick":12,"minecraft:stone_pickaxe":1},"minecraft:picked_up":{"minecraft:crafting_table":5,"minecraft:rabbit_stew":1,"minecraft:polished_deepslate":1,"minecraft:string":2,"minecraft:dirt":1,"minecraft:soul_soil":1,"minecraft:raw_copper":4,"minecraft:item_frame":1,"minecraft:bone":6,"minecraft:wheat_seeds":1,"minecraft:spore_blossom":1,"minecraft:spruce_planks":28,"minecraft:calcite":1,"minecraft:player_head":1,"minecraft:azalea":1,"minecraft:sugar_cane":3,"minecraft:moss_block":2,"minecraft:raw_iron":16,"minecraft:smooth_basalt":1,"minecraft:sweet_berries":25,"minecraft:gravel":3,"minecraft:spruce_sapling":1,"minecraft:blast_furnace":1,"minecraft:diorite":6,"minecraft:spruce_log":9,"alexsmobs:animal_dictionary":1,"minecraft:arrow":4,"minecraft:soul_lantern":3,"scalinghealth:cursed_heart":1,"minecraft:coal":11,"minecraft:cobblestone":21},"minecraft:killed_by":{"minecraft:skeleton":5,"caneswonderfulspidersoverhaul:cobbleshell_spider":1,"minecraft:spider":3,"minecraft:zombie":1,"iceandfire:fire_dragon":22}},"DataVersion":3465}