{"stats":{"minecraft:picked_up":{"minecraft:birch_log":3,"minecraft:crafting_table":3,"minecraft:stick":3,"minecraft:wooden_pickaxe":1,"minecraft:sand":65,"minecraft:oak_log":9,"minecraft:shield":1,"minecraft:wooden_sword":1,"minecraft:bone":2,"minecraft:stone_shovel":1,"minecraft:arrow":3,"minecraft:rotten_flesh":1,"minecraft:oak_sapling":1,"minecraft:sugar_cane":7,"minecraft:birch_sapling":2,"minecraft:cobblestone":26},"minecraft:broken":{"minecraft:shield":1},"minecraft:used":{"ancient_elements:stone_hammer":4,"minecraft:stone_shovel":66,"minecraft:oak_planks":3,"minecraft:wooden_pickaxe":26,"minecraft:birch_boat":1,"minecraft:shield":12,"minecraft:stone_axe":2,"minecraft:wooden_sword":16,"minecraft:crafting_table":2},"minecraft:mined":{"minecraft:birch_log":1,"minecraft:crafting_table":2,"minecraft:oak_log":9,"minecraft:sand":65,"minecraft:stone":24,"minecraft:sugar_cane":3,"minecraft:oak_leaves":1},"minecraft:killed":{"minecraft:skeleton":2,"minecraft:zombie":1},"minecraft:custom":{"minecraft:time_since_rest":90,"minecraft:sprint_one_cm":28742,"minecraft:damage_taken":1215,"minecraft:walk_one_cm":50233,"minecraft:damage_blocked_by_shield":930,"minecraft:mob_kills":3,"minecraft:drop":1,"minecraft:damage_dealt":826,"minecraft:swim_one_cm":4291,"minecraft:interact_with_crafting_table":4,"minecraft:fly_one_cm":27957,"minecraft:crouch_one_cm":362,"minecraft:play_time":16016,"minecraft:deaths":4,"minecraft:sneak_time":157,"minecraft:walk_under_water_one_cm":2738,"minecraft:boat_one_cm":17100,"minecraft:jump":195,"minecraft:leave_game":1,"minecraft:time_since_death":37,"minecraft:walk_on_water_one_cm":902,"minecraft:total_world_time":16016,"minecraft:fall_one_cm":3923},"minecraft:dropped":{"minecraft:stone_shovel":1},"minecraft:crafted":{"minecraft:oak_planks":36,"minecraft:stone_shovel":1,"minecraft:stick":16,"minecraft:birch_boat":1,"minecraft:wooden_pickaxe":1,"minecraft:stone_pickaxe":1,"minecraft:stone_sword":1,"minecraft:furnace":1,"ancient_elements:stone_hammer":1,"minecraft:birch_planks":12,"minecraft:stone_hoe":1,"minecraft:stone_axe":1},"minecraft:killed_by":{"royalvariations:royal_skeleton":2,"minecraft:skeleton":1,"minecraft:creeper":1}},"DataVersion":3465}