{"stats":{"minecraft:broken":{"minecraft:golden_boots":1,"ancient_elements:stone_hammer":1,"minecraft:stone_pickaxe":2,"minecraft:iron_axe":1,"minecraft:wooden_sword":1,"minecraft:iron_helmet":1},"minecraft:killed_by":{"ancient_elements:scarlet_crystal_slime":2,"minecraft:player":4,"royalvariations:royal_skeleton":3,"minecraft:stray":1,"minecraft:skeleton":8,"minecraft:zombie":6,"iceandfire:ghost":1},"minecraft:custom":{"minecraft:mob_kills":30,"minecraft:interact_with_crafting_table":23,"minecraft:open_barrel":1,"minecraft:damage_dealt_resisted":140,"minecraft:leave_game":10,"minecraft:time_since_death":6750,"minecraft:climb_one_cm":555,"minecraft:sprint_one_cm":232135,"minecraft:walk_one_cm":390219,"minecraft:drop":105,"minecraft:talked_to_villager":2,"minecraft:play_time":148776,"minecraft:deaths":32,"minecraft:sneak_time":5448,"minecraft:walk_under_water_one_cm":7331,"minecraft:jump":1965,"minecraft:walk_on_water_one_cm":10774,"minecraft:total_world_time":148776,"minecraft:interact_with_furnace":21,"minecraft:sleep_in_bed":6,"minecraft:time_since_rest":6778,"minecraft:damage_taken":10436,"minecraft:damage_dealt":17211,"minecraft:swim_one_cm":13340,"minecraft:fly_one_cm":382255,"minecraft:player_kills":7,"minecraft:open_chest":7,"minecraft:crouch_one_cm":7104,"minecraft:fall_one_cm":61813},"minecraft:used":{"minecraft:flint_and_steel":29,"minecraft:iron_sword":47,"minecraft:torch":7,"minecraft:mutton":7,"ancient_elements:stone_hammer":72,"minecraft:iron_axe":203,"minecraft:iron_boots":1,"minecraft:bow":15,"minecraft:beef":1,"minecraft:furnace":1,"minecraft:gray_bed":1,"minecraft:cobbled_deepslate":5,"minecraft:brown_bed":1,"minecraft:stone_pickaxe":177,"minecraft:wooden_pickaxe":3,"minecraft:tnt":47,"minecraft:crafting_table":9,"scalinghealth:cursed_heart":14,"minecraft:white_bed":1,"minecraft:dripstone_block":2,"minecraft:black_bed":2,"minecraft:iron_pickaxe":111,"minecraft:wooden_sword":59,"minecraft:cobblestone":39},"minecraft:dropped":{"minecraft:wheat_seeds":1,"minecraft:mossy_cobblestone":4,"minecraft:oak_fence":4,"minecraft:cobblestone":24,"minecraft:leather":1,"minecraft:amethyst_block":2,"ancient_elements:reflectine":6,"minecraft:dirt":7,"ancient_elements:budding_selenite":3,"minecraft:diorite":1,"majruszsdifficulty:tattered_leggings":1,"minecraft:string":1,"minecraft:music_disc_cat":3,"minecraft:bone":2,"minecraft:smooth_basalt":6,"minecraft:cobbled_deepslate":5,"minecraft:raw_copper":62,"minecraft:tuff":3,"minecraft:rotten_flesh":10,"minecraft:pumpkin_seeds":6,"minecraft:gunpowder":3,"minecraft:oak_sapling":20,"minecraft:arrow":2,"minecraft:bow":1,"minecraft:calcite":2},"minecraft:mined":{"alexscaves:spelunkery_table":1,"minecraft:deepslate_diamond_ore":2,"biomesoplenty:bush":2,"minecraft:grass_block":4,"ancient_elements:scarlet_clust":2,"minecraft:oxeye_daisy":3,"minecraft:spawner":2,"minecraft:large_fern":2,"minecraft:hay_block":4,"minecraft:furnace":3,"minecraft:iron_ore":58,"minecraft:cobbled_deepslate":1,"minecraft:fire":1,"ancient_elements:selenite_clust":4,"ancient_elements:tin_ore":1,"minecraft:brown_bed":1,"minecraft:bookshelf":1,"biomesoplenty:high_grass":1,"minecraft:deepslate_iron_ore":39,"ancient_elements:palladium_ore":3,"ancient_elements:reflectine":3,"minecraft:stone":68,"minecraft:podzol":3,"minecraft:crafting_table":9,"minecraft:torch":1,"minecraft:calcite":2,"minecraft:chest":1,"ancient_elements:nocturnal_crystal_block":1,"ancient_elements:verdant_viridium_crystal_block":12,"biomesoplenty:high_grass_plant":1,"ancient_elements:deepslate_tin_ore":1,"minecraft:cobblestone":1,"minecraft:copper_ore":18,"minecraft:diorite":1,"minecraft:wall_torch":1,"minecraft:amethyst_block":2,"ancient_elements:verdant_viridium_clust":7,"minecraft:gray_bed":1,"minecraft:black_bed":2,"minecraft:grass":8,"minecraft:oak_log":73,"minecraft:coal_ore":10,"biomesoplenty:redwood_leaves":41,"minecraft:dirt":1,"minecraft:smooth_basalt":6,"biomesoplenty:redwood_wood":12,"minecraft:oak_leaves":2,"minecraft:deepslate":7,"minecraft:fern":2},"minecraft:killed":{"minecraft:spider":2,"royalvariations:royal_skeleton":1,"minecraft:skeleton":6,"minecraft:horse":5,"minecraft:sheep":4,"royalvariations:royal_zombie":1,"minecraft:zombie":7,"iceandfire:ghost":1,"minecraft:cow":3},"minecraft:picked_up":{"minecraft:wheat":3,"minecraft:crafting_table":8,"minecraft:wooden_pickaxe":1,"minecraft:brown_bed":1,"ancient_elements:raw_palladium":3,"minecraft:amethyst_block":2,"minecraft:music_disc_cat":3,"minecraft:string":2,"minecraft:raw_copper":63,"ancient_elements:selenite_shard":12,"minecraft:cobbled_deepslate":19,"minecraft:beef":6,"minecraft:calcite":2,"ancient_elements:nocturnal_crystal_block":1,"minecraft:iron_pickaxe":1,"biomesoplenty:redwood_wood":12,"minecraft:chest":1,"minecraft:furnace":3,"minecraft:stick":15,"minecraft:raw_iron":97,"minecraft:torch":2,"ancient_elements:verdant_viridium_shard":24,"ancient_elements:raw_tin":6,"minecraft:diorite":1,"ancient_elements:reflectine":6,"minecraft:arrow":18,"minecraft:rotten_flesh":5,"minecraft:hay_block":4,"alexscaves:spelunkery_table":1,"alexsmobs:emu_egg":1,"minecraft:white_wool":4,"minecraft:mutton":7,"minecraft:cobblestone":174,"minecraft:oxeye_daisy":3,"minecraft:black_bed":2,"minecraft:leather":7,"royalvariations:spiritual_crown_shard":1,"minecraft:tuff":3,"minecraft:oak_log":61,"minecraft:golden_boots":1,"minecraft:gunpowder":3,"minecraft:dirt":7,"ancient_elements:verdant_viridium_crystal_block":12,"minecraft:bone":21,"minecraft:apple":3,"minecraft:bow":3,"majruszsdifficulty:tattered_leggings":1,"minecraft:wheat_seeds":1,"minecraft:stone_pickaxe":1,"minecraft:gray_bed":1,"minecraft:book":3,"minecraft:smooth_basalt":6,"ancient_elements:scarlet_shard":6,"minecraft:dripstone_block":2,"minecraft:mossy_cobblestone":6,"ancient_elements:budding_selenite":3,"minecraft:pumpkin_seeds":6,"minecraft:diamond":2,"minecraft:iron_helmet":1,"scalinghealth:cursed_heart":1,"minecraft:oak_sapling":20,"minecraft:coal":14},"minecraft:crafted":{"minecraft:wooden_sword":1,"minecraft:oak_planks":20,"minecraft:furnace":1,"minecraft:iron_boots":1,"minecraft:iron_axe":2,"minecraft:stone_pickaxe":1,"sophisticatedbackpacks:iron_backpack":1,"minecraft:wheat":36,"sophisticatedbackpacks:backpack":1,"minecraft:crafting_table":2,"minecraft:iron_helmet":1,"minecraft:iron_sword":1,"minecraft:air":0,"minecraft:iron_chestplate":1,"minecraft:stick":12,"minecraft:iron_ingot":63,"minecraft:iron_leggings":1,"minecraft:white_bed":1,"ancient_elements:stone_hammer":1,"minecraft:torch":4}},"DataVersion":3465}