{"stats":{"minecraft:picked_up":{"minecraft:birch_log":10,"minecraft:crafting_table":7,"minecraft:andesite":47,"minecraft:wooden_pickaxe":1,"minecraft:oak_log":49,"minecraft:chainmail_chestplate":1,"minecraft:shield":1,"minecraft:gunpowder":2,"minecraft:dirt":16,"scalinghealth:heart_crystal":1,"minecraft:string":5,"minecraft:wooden_sword":1,"minecraft:iron_leggings":1,"minecraft:bone":22,"minecraft:cobbled_deepslate":70,"minecraft:raw_gold":6,"minecraft:spruce_planks":7,"minecraft:iron_ingot":2,"minecraft:stone_pickaxe":1,"minecraft:oak_boat":1,"minecraft:sugar_cane":7,"minecraft:melon_slice":27,"minecraft:coal_block":7,"minecraft:birch_sapling":2,"minecraft:furnace":3,"minecraft:stick":3,"minecraft:raw_iron":23,"minecraft:oak_fence":1,"minecraft:spruce_stairs":1,"royalvariations:royal_bone":1,"minecraft:sand":129,"minecraft:carrot":2,"minecraft:tnt":2,"minecraft:diamond":29,"minecraft:arrow":13,"minecraft:stone_shovel":1,"minecraft:rotten_flesh":11,"minecraft:granite":76,"minecraft:oak_sapling":1,"minecraft:dark_oak_fence":1,"minecraft:coal":2,"iceandfire:raw_silver":1,"minecraft:cobblestone":221},"minecraft:broken":{"minecraft:shield":1,"ancient_elements:stone_hammer":3},"minecraft:used":{"minecraft:stone_shovel":91,"minecraft:oak_planks":29,"minecraft:wooden_pickaxe":26,"minecraft:birch_boat":1,"minecraft:spruce_planks":7,"minecraft:shield":12,"minecraft:dirt":5,"minecraft:mutton":1,"scalinghealth:heart_crystal":1,"minecraft:tnt":2,"minecraft:crafting_table":7,"minecraft:spruce_stairs":1,"ancient_elements:stone_hammer":364,"minecraft:melon_slice":3,"minecraft:iron_pickaxe":35,"minecraft:stone_axe":90,"minecraft:wooden_sword":41,"minecraft:cobblestone":16,"minecraft:furnace":2,"minecraft:dark_oak_fence":1,"minecraft:oak_boat":2},"minecraft:killed":{"minecraft:spider":1,"royalvariations:royal_skeleton":1,"minecraft:skeleton":11,"royalvariations:royal_zombie":1,"minecraft:zombie":8,"minecraft:silverfish":4},"minecraft:mined":{"minecraft:diamond_ore":3,"minecraft:tuff":12,"minecraft:spruce_planks":7,"minecraft:deepslate_diamond_ore":22,"minecraft:oak_fence":1,"minecraft:crafting_table":6,"minecraft:granite":18,"minecraft:grass_block":7,"minecraft:melon":5,"minecraft:coal_block":6,"minecraft:sugar_cane":3,"minecraft:diorite":8,"minecraft:spawner":3,"minecraft:spruce_stairs":1,"minecraft:furnace":2,"minecraft:birch_log":8,"minecraft:iron_ore":6,"minecraft:andesite":21,"minecraft:grass":1,"minecraft:oak_log":47,"minecraft:gravel":11,"minecraft:sand":65,"minecraft:dirt":48,"minecraft:stone":164,"minecraft:oak_leaves":7,"minecraft:deepslate":66},"minecraft:custom":{"minecraft:interact_with_furnace":1,"minecraft:mob_kills":27,"minecraft:interact_with_crafting_table":12,"minecraft:open_barrel":24,"minecraft:damage_dealt_resisted":110,"minecraft:leave_game":2,"minecraft:time_since_death":34930,"minecraft:climb_one_cm":3199,"minecraft:time_since_rest":34955,"minecraft:sprint_one_cm":53706,"minecraft:damage_taken":10507,"minecraft:walk_one_cm":178923,"minecraft:damage_blocked_by_shield":930,"minecraft:drop":33,"minecraft:damage_dealt":5011,"minecraft:swim_one_cm":28983,"minecraft:fly_one_cm":54091,"minecraft:open_chest":9,"minecraft:crouch_one_cm":8273,"minecraft:play_time":75084,"minecraft:deaths":35,"minecraft:sneak_time":3390,"minecraft:walk_under_water_one_cm":16042,"minecraft:boat_one_cm":68265,"minecraft:jump":457,"minecraft:walk_on_water_one_cm":6233,"minecraft:total_world_time":75084,"minecraft:fall_one_cm":6713},"minecraft:crafted":{"minecraft:oak_planks":112,"minecraft:stone_shovel":1,"minecraft:coal":63,"minecraft:crafting_table":1,"minecraft:birch_boat":1,"minecraft:wooden_pickaxe":1,"minecraft:furnace":1,"minecraft:birch_planks":12,"minecraft:stone_axe":1,"minecraft:bread":1,"minecraft:oak_boat":2,"minecraft:stick":40,"minecraft:iron_pickaxe":1,"minecraft:stone_pickaxe":1,"minecraft:stone_sword":1,"ancient_elements:stone_hammer":5,"minecraft:stone_hoe":1},"minecraft:dropped":{"minecraft:stone_hoe":1,"minecraft:furnace":1,"minecraft:oak_log":2,"minecraft:cobbled_deepslate":70,"minecraft:wheat":1,"minecraft:stone_shovel":1,"minecraft:rotten_flesh":11,"minecraft:cobblestone":109,"minecraft:granite":9,"minecraft:carrot":2,"minecraft:coal":2,"minecraft:stick":14,"minecraft:dirt":11,"minecraft:andesite":47,"minecraft:wooden_sword":1,"minecraft:sand":64,"minecraft:stone_pickaxe":2,"minecraft:birch_log":7},"minecraft:killed_by":{"royalvariations:royal_skeleton":3,"minecraft:skeleton":30,"minecraft:creeper":2}},"DataVersion":3465}