{"stats":{"minecraft:broken":{"minecraft:stone_axe":1,"minecraft:iron_pickaxe":1},"minecraft:killed_by":{"minecraft:player":1,"minecraft:skeleton":2,"minecraft:creeper":1,"minecraft:spider":1,"minecraft:zombie":1,"alexsmobs:grizzly_bear":1,"dungeonsweaponry:enchanter":1,"royalvariations:royal_zombie":1},"minecraft:custom":{"minecraft:interact_with_furnace":54,"minecraft:mob_kills":33,"minecraft:interact_with_crafting_table":18,"minecraft:leave_game":5,"minecraft:time_since_death":10439,"minecraft:time_since_rest":16092,"minecraft:sprint_one_cm":102590,"minecraft:damage_taken":3478,"minecraft:walk_one_cm":93110,"minecraft:drop":34,"minecraft:damage_dealt":4350,"minecraft:swim_one_cm":4341,"minecraft:fly_one_cm":117691,"minecraft:crouch_one_cm":16180,"minecraft:play_time":54883,"minecraft:deaths":9,"minecraft:sneak_time":5871,"minecraft:walk_under_water_one_cm":1924,"minecraft:boat_one_cm":29385,"minecraft:jump":958,"minecraft:walk_on_water_one_cm":3694,"minecraft:total_world_time":54883,"minecraft:fall_one_cm":32879},"minecraft:used":{"minecraft:cooked_mutton":4,"minecraft:stone_pickaxe":102,"minecraft:glass_bottle":5,"minecraft:wooden_pickaxe":6,"minecraft:birch_boat":3,"minecraft:rotten_flesh":1,"minecraft:torch":46,"minecraft:crafting_table":7,"ancient_elements:stone_hammer":77,"minecraft:iron_pickaxe":64,"minecraft:stone_axe":93,"minecraft:cobblestone":22,"minecraft:potion":4,"minecraft:furnace":7,"alexsmobs:animal_dictionary":2},"minecraft:mined":{"minecraft:crafting_table":7,"minecraft:granite":1,"minecraft:cobblestone":1,"minecraft:sugar_cane":3,"minecraft:diorite":7,"minecraft:furnace":7,"minecraft:birch_log":20,"minecraft:iron_ore":12,"minecraft:fire":3,"minecraft:birch_leaves":1,"minecraft:andesite":6,"minecraft:tnt":32,"minecraft:coal_ore":41,"minecraft:oak_log":15,"minecraft:deepslate_iron_ore":4,"minecraft:sand":3,"minecraft:stone":127,"minecraft:oak_leaves":3,"minecraft:deepslate":1},"minecraft:dropped":{"minecraft:oak_log":1,"minecraft:glow_ink_sac":3,"alexsmobs:animal_dictionary":1,"minecraft:tnt":31,"minecraft:glass_bottle":3,"minecraft:birch_sapling":4,"minecraft:feather":7,"minecraft:cobblestone":1,"minecraft:rotten_flesh":12,"ancient_elements:raw_steel":5,"minecraft:apple":1,"minecraft:granite":2,"minecraft:copper_ingot":3,"minecraft:stick":1,"minecraft:dirt":38,"minecraft:andesite":22,"minecraft:oak_sapling":8,"minecraft:arrow":1,"minecraft:wooden_pickaxe":1,"minecraft:black_wool":1,"minecraft:egg":4},"minecraft:killed":{"minecraft:pig":7,"alexsmobs:tasmanian_devil":1,"minecraft:skeleton":2,"minecraft:sheep":12,"minecraft:zombie":5,"minecraft:chicken":6},"minecraft:picked_up":{"minecraft:birch_log":20,"minecraft:crafting_table":7,"minecraft:feather":7,"minecraft:chicken":6,"minecraft:glow_ink_sac":3,"minecraft:andesite":65,"minecraft:oak_log":16,"minecraft:dirt":38,"minecraft:raw_copper":21,"minecraft:cooked_mutton":9,"minecraft:bone":4,"minecraft:cracked_stone_bricks":1,"minecraft:apple":1,"minecraft:bow":1,"minecraft:cobbled_deepslate":33,"minecraft:iron_pickaxe":1,"minecraft:glass_bottle":3,"minecraft:sugar_cane":7,"minecraft:birch_sapling":4,"minecraft:oak_planks":1,"minecraft:furnace":7,"minecraft:egg":4,"minecraft:stick":4,"minecraft:raw_iron":63,"ancient_elements:raw_steel":5,"minecraft:birch_boat":2,"minecraft:copper_ingot":2,"minecraft:porkchop":14,"minecraft:sand":3,"ancient_elements:raw_tin":2,"minecraft:diorite":52,"minecraft:tnt":31,"minecraft:arrow":1,"minecraft:rotten_flesh":14,"minecraft:granite":5,"minecraft:oak_sapling":8,"minecraft:black_wool":1,"minecraft:mutton":18,"minecraft:coal":85,"minecraft:white_wool":10,"minecraft:cobblestone":353},"minecraft:crafted":{"minecraft:glass_bottle":3,"minecraft:oak_planks":40,"minecraft:cooked_porkchop":14,"minecraft:crafting_table":1,"minecraft:birch_boat":2,"minecraft:wooden_pickaxe":1,"minecraft:cooked_chicken":6,"minecraft:furnace":5,"minecraft:copper_ingot":1,"minecraft:birch_planks":28,"minecraft:stone_axe":2,"minecraft:cooked_mutton":16,"minecraft:air":0,"minecraft:glass":3,"minecraft:stick":44,"minecraft:stone_pickaxe":2,"ancient_elements:stone_hammer":1,"minecraft:torch":124}},"DataVersion":3465}