{"stats":{"minecraft:killed":{"minecraft:husk":1,"minecraft:pig":1,"minecraft:spider":1,"minecraft:iron_golem":2,"minecraft:creeper":1,"minecraft:sheep":1,"minecraft:skeleton":2,"minecraft:zombie":2,"minecraft:cow":3},"minecraft:used":{"minecraft:moss_block":1,"minecraft:water_bucket":19,"minecraft:stone_sword":76,"minecraft:glass_bottle":7,"minecraft:stone_pickaxe":87,"minecraft:shield":22,"minecraft:wooden_pickaxe":23,"minecraft:iron_sword":57,"minecraft:glow_berries":27,"minecraft:dirt":29,"minecraft:crafting_table":9,"minecraft:honey_bottle":4,"minecraft:spruce_boat":5,"minecraft:iron_pickaxe":25,"minecraft:stone_axe":55,"minecraft:potion":7,"minecraft:cobblestone":20,"minecraft:furnace":3,"minecraft:bucket":19,"minecraft:yellow_bed":1,"minecraft:waxed_cut_copper_stairs":1,"minecraft:air":1,"minecraft:cobbled_deepslate":1,"minecraft:cobweb":3,"minecraft:beetroot_soup":1},"minecraft:custom":{"minecraft:interact_with_furnace":11,"minecraft:mob_kills":14,"minecraft:interact_with_crafting_table":19,"minecraft:tune_noteblock":1,"minecraft:sleep_in_bed":1,"minecraft:damage_dealt_resisted":160,"minecraft:leave_game":5,"minecraft:time_since_death":14371,"minecraft:climb_one_cm":215,"minecraft:damage_resisted":484,"minecraft:time_since_rest":9690,"minecraft:sprint_one_cm":208333,"minecraft:damage_taken":15324,"minecraft:walk_one_cm":160107,"minecraft:damage_blocked_by_shield":924,"minecraft:drop":22,"minecraft:damage_dealt":7174,"minecraft:talked_to_villager":5,"minecraft:damage_dealt_absorbed":80,"minecraft:swim_one_cm":11775,"minecraft:fly_one_cm":543110,"minecraft:open_chest":6,"minecraft:crouch_one_cm":16184,"minecraft:play_time":90448,"minecraft:deaths":50,"minecraft:sneak_time":6724,"minecraft:walk_under_water_one_cm":8205,"minecraft:boat_one_cm":205560,"minecraft:jump":2316,"minecraft:walk_on_water_one_cm":12916,"minecraft:total_world_time":90448,"minecraft:fall_one_cm":77705},"minecraft:dropped":{"minecraft:sweet_berries":1,"biomesoplenty:pink_daffodil":2,"minecraft:lilac":1,"minecraft:stone_sword":1,"minecraft:bowl":1,"minecraft:feather":1,"scalinghealth:power_crystal_shard":2,"minecraft:stick":4,"minecraft:poppy":5,"minecraft:gunpowder":1,"minecraft:azalea":1,"minecraft:oak_sapling":2,"minecraft:gold_nugget":8,"minecraft:iron_pickaxe":1,"minecraft:string":1},"minecraft:mined":{"minecraft:waxed_cut_copper_stairs":1,"minecraft:diamond_ore":1,"minecraft:deepslate_diamond_ore":1,"minecraft:crafting_table":6,"minecraft:cave_vines_plant":20,"biomesoplenty:bush":2,"minecraft:blast_furnace":1,"minecraft:grass_block":6,"biomesoplenty:high_grass_plant":90,"minecraft:tall_grass":15,"minecraft:cobblestone":4,"minecraft:sugar_cane":17,"minecraft:moss_block":1,"minecraft:spawner":3,"minecraft:furnace":2,"minecraft:iron_ore":3,"minecraft:fire":2,"biomesoplenty:pink_daffodil":2,"minecraft:lilac":1,"minecraft:spruce_log":8,"minecraft:yellow_bed":1,"minecraft:oak_log":2,"minecraft:grass":103,"biomesoplenty:high_grass":76,"minecraft:coal_ore":33,"minecraft:cave_vines":55,"iceandfire:gold_pile":1,"minecraft:deepslate_iron_ore":4,"minecraft:dirt":27,"minecraft:cobweb":3,"minecraft:azalea":1,"minecraft:stone":41,"minecraft:oak_leaves":2,"minecraft:deepslate":1},"minecraft:crafted":{"minecraft:oak_planks":8,"sophisticatedbackpacks:backpack":1,"minecraft:crafting_table":3,"minecraft:spruce_planks":32,"minecraft:wooden_pickaxe":1,"minecraft:iron_sword":1,"minecraft:furnace":1,"minecraft:bucket":1,"minecraft:stone_axe":1,"minecraft:air":0,"minecraft:shield":1,"minecraft:stick":12,"minecraft:iron_ingot":7,"minecraft:iron_pickaxe":1,"minecraft:stone_pickaxe":1,"minecraft:chest":1,"minecraft:stone_sword":1,"minecraft:spruce_boat":1},"minecraft:picked_up":{"minecraft:lilac":1,"minecraft:crafting_table":6,"minecraft:feather":1,"minecraft:chicken":1,"minecraft:leather":5,"minecraft:oak_log":2,"minecraft:yellow_bed":1,"minecraft:gunpowder":1,"minecraft:string":5,"minecraft:dirt":34,"minecraft:beetroot_soup":1,"minecraft:item_frame":3,"minecraft:bow":1,"minecraft:wheat_seeds":13,"minecraft:gold_nugget":8,"minecraft:cobbled_deepslate":1,"minecraft:glass_bottle":1,"minecraft:iron_ingot":7,"minecraft:beef":4,"scalinghealth:power_crystal_shard":2,"minecraft:poppy":5,"minecraft:azalea":1,"minecraft:iron_pickaxe":1,"minecraft:moss_block":1,"minecraft:sugar_cane":22,"minecraft:furnace":2,"minecraft:stick":5,"minecraft:raw_iron":7,"scalinghealth:heart_crystal_shard":1,"minecraft:sweet_berries":1,"minecraft:porkchop":2,"minecraft:carrot":1,"minecraft:spruce_log":8,"minecraft:stone_sword":1,"minecraft:rotten_flesh":3,"minecraft:waxed_cut_copper_stairs":1,"minecraft:arrow":3,"minecraft:honey_bottle":2,"minecraft:diamond":2,"minecraft:spruce_boat":4,"biomesoplenty:pink_daffodil":2,"minecraft:oak_sapling":2,"minecraft:white_wool":1,"minecraft:glow_berries":22,"minecraft:coal":32,"minecraft:cobblestone":41},"minecraft:killed_by":{"minecraft:husk":1,"minecraft:player":3,"minecraft:skeleton":12,"minecraft:creeper":1,"minecraft:spider":1,"minecraft:zombie":7,"iceandfire:fire_dragon":22}},"DataVersion":3465}