{"stats":{"minecraft:used":{"minecraft:cobblestone":6,"minecraft:crafting_table":1,"minecraft:wooden_pickaxe":10},"minecraft:custom":{"minecraft:time_since_rest":2291,"minecraft:crouch_one_cm":2054,"minecraft:sprint_one_cm":17898,"minecraft:play_time":9919,"minecraft:damage_taken":640,"minecraft:deaths":2,"minecraft:walk_one_cm":12019,"minecraft:sneak_time":1199,"minecraft:walk_under_water_one_cm":138,"minecraft:jump":188,"minecraft:leave_game":2,"minecraft:time_since_death":2262,"minecraft:walk_on_water_one_cm":244,"minecraft:total_world_time":9919,"minecraft:interact_with_crafting_table":2,"minecraft:fall_one_cm":4614,"minecraft:fly_one_cm":48269},"minecraft:mined":{"minecraft:cave_vines":1,"minecraft:grass_block":6,"minecraft:dirt":18,"minecraft:spruce_log":8,"minecraft:stone":10,"minecraft:cave_vines_plant":1},"minecraft:crafted":{"minecraft:crafting_table":2,"minecraft:spruce_planks":32,"minecraft:wooden_pickaxe":1},"minecraft:picked_up":{"minecraft:stick":2,"minecraft:spruce_log":8,"minecraft:dirt":24,"minecraft:cobblestone":8}},"DataVersion":3465}