{"stats":{"minecraft:killed":{"minecraft:pig":1},"minecraft:used":{"minecraft:spruce_boat":3,"minecraft:moss_block":1,"minecraft:water_bucket":12,"minecraft:stone_pickaxe":50,"minecraft:iron_pickaxe":17,"minecraft:wooden_pickaxe":23,"minecraft:stone_axe":3,"minecraft:glow_berries":7,"minecraft:cobblestone":7,"minecraft:crafting_table":4,"minecraft:furnace":2,"minecraft:bucket":13,"minecraft:cobbled_deepslate":1},"minecraft:custom":{"minecraft:time_since_rest":1473,"minecraft:interact_with_furnace":11,"minecraft:sprint_one_cm":65757,"minecraft:damage_taken":2572,"minecraft:walk_one_cm":49504,"minecraft:mob_kills":1,"minecraft:damage_dealt":126,"minecraft:swim_one_cm":684,"minecraft:interact_with_crafting_table":10,"minecraft:fly_one_cm":130398,"minecraft:crouch_one_cm":7462,"minecraft:play_time":33919,"minecraft:deaths":8,"minecraft:sneak_time":3176,"minecraft:walk_under_water_one_cm":2325,"minecraft:boat_one_cm":181575,"minecraft:jump":745,"minecraft:leave_game":2,"minecraft:walk_on_water_one_cm":5174,"minecraft:time_since_death":1440,"minecraft:total_world_time":33919,"minecraft:climb_one_cm":215,"minecraft:damage_resisted":28,"minecraft:fall_one_cm":21774},"minecraft:mined":{"minecraft:waxed_cut_copper_stairs":1,"minecraft:diamond_ore":1,"minecraft:furnace":2,"minecraft:deepslate_diamond_ore":1,"minecraft:iron_ore":3,"minecraft:spruce_log":8,"minecraft:crafting_table":3,"minecraft:cave_vines_plant":20,"minecraft:grass":3,"minecraft:coal_ore":4,"minecraft:grass_block":6,"minecraft:cave_vines":55,"minecraft:deepslate_iron_ore":4,"minecraft:dirt":18,"minecraft:tall_grass":1,"minecraft:azalea":1,"minecraft:stone":39,"minecraft:sugar_cane":9,"minecraft:moss_block":1,"minecraft:deepslate":1,"minecraft:spawner":2},"minecraft:crafted":{"minecraft:crafting_table":2,"minecraft:spruce_planks":32,"minecraft:stick":8,"minecraft:iron_pickaxe":1,"minecraft:iron_ingot":7,"minecraft:wooden_pickaxe":1,"minecraft:stone_pickaxe":1,"minecraft:furnace":1,"minecraft:spruce_boat":1,"minecraft:bucket":1,"minecraft:stone_axe":1,"minecraft:air":0},"minecraft:picked_up":{"minecraft:stick":2,"minecraft:crafting_table":3,"minecraft:raw_iron":7,"minecraft:porkchop":2,"minecraft:spruce_log":8,"minecraft:dirt":25,"minecraft:waxed_cut_copper_stairs":1,"minecraft:diamond":2,"minecraft:spruce_boat":3,"minecraft:wheat_seeds":1,"minecraft:cobbled_deepslate":1,"scalinghealth:power_crystal_shard":1,"minecraft:azalea":1,"minecraft:moss_block":1,"minecraft:sugar_cane":12,"minecraft:glow_berries":22,"minecraft:coal":3,"minecraft:cobblestone":36,"minecraft:furnace":2},"minecraft:killed_by":{"minecraft:player":1,"minecraft:skeleton":5}},"DataVersion":3465}