{"stats":{"minecraft:killed":{"minecraft:pig":7,"alexsmobs:tasmanian_devil":1,"minecraft:sheep":12,"minecraft:skeleton":1,"minecraft:zombie":5,"minecraft:chicken":6},"minecraft:used":{"minecraft:cooked_mutton":3,"minecraft:glass_bottle":5,"minecraft:stone_pickaxe":102,"minecraft:wooden_pickaxe":6,"minecraft:birch_boat":3,"minecraft:rotten_flesh":1,"minecraft:torch":14,"minecraft:crafting_table":7,"ancient_elements:stone_hammer":17,"minecraft:iron_pickaxe":64,"minecraft:stone_axe":93,"minecraft:potion":4,"minecraft:furnace":7,"alexsmobs:animal_dictionary":2},"minecraft:killed_by":{"minecraft:player":1,"minecraft:skeleton":2,"minecraft:creeper":1,"minecraft:zombie":1,"dungeonsweaponry:enchanter":1,"alexsmobs:grizzly_bear":1,"royalvariations:royal_zombie":1},"minecraft:crafted":{"minecraft:glass_bottle":3,"minecraft:oak_planks":40,"minecraft:cooked_porkchop":14,"minecraft:crafting_table":1,"minecraft:wooden_pickaxe":1,"minecraft:birch_boat":2,"minecraft:cooked_chicken":6,"minecraft:furnace":5,"minecraft:copper_ingot":1,"minecraft:birch_planks":28,"minecraft:stone_axe":2,"minecraft:cooked_mutton":16,"minecraft:air":0,"minecraft:glass":3,"minecraft:stick":44,"minecraft:stone_pickaxe":2,"ancient_elements:stone_hammer":1,"minecraft:torch":124},"minecraft:picked_up":{"minecraft:birch_log":20,"minecraft:crafting_table":7,"minecraft:feather":7,"minecraft:chicken":6,"minecraft:glow_ink_sac":3,"minecraft:andesite":23,"minecraft:oak_log":16,"minecraft:dirt":38,"minecraft:raw_copper":4,"minecraft:cooked_mutton":9,"minecraft:bone":2,"minecraft:apple":1,"minecraft:bow":1,"minecraft:cobbled_deepslate":1,"minecraft:iron_pickaxe":1,"minecraft:glass_bottle":3,"minecraft:sugar_cane":7,"minecraft:birch_sapling":4,"minecraft:oak_planks":1,"minecraft:furnace":6,"minecraft:egg":4,"minecraft:raw_iron":5,"minecraft:stick":4,"minecraft:birch_boat":2,"minecraft:copper_ingot":2,"minecraft:porkchop":14,"minecraft:sand":3,"minecraft:diorite":52,"minecraft:tnt":31,"minecraft:arrow":1,"minecraft:rotten_flesh":14,"minecraft:granite":2,"minecraft:oak_sapling":8,"minecraft:black_wool":1,"minecraft:mutton":18,"minecraft:coal":72,"minecraft:white_wool":10,"minecraft:cobblestone":138},"minecraft:dropped":{"minecraft:glow_ink_sac":3,"minecraft:oak_log":1,"alexsmobs:animal_dictionary":1,"minecraft:tnt":31,"minecraft:glass_bottle":3,"minecraft:birch_sapling":4,"minecraft:feather":7,"minecraft:rotten_flesh":12,"minecraft:apple":1,"minecraft:granite":2,"minecraft:copper_ingot":3,"minecraft:stick":1,"minecraft:dirt":38,"minecraft:andesite":22,"minecraft:oak_sapling":8,"minecraft:arrow":1,"minecraft:wooden_pickaxe":1,"minecraft:black_wool":1,"minecraft:egg":4},"minecraft:broken":{"minecraft:stone_axe":1,"minecraft:iron_pickaxe":1},"minecraft:custom":{"minecraft:interact_with_furnace":53,"minecraft:mob_kills":32,"minecraft:interact_with_crafting_table":18,"minecraft:leave_game":2,"minecraft:time_since_death":1100,"minecraft:time_since_rest":1125,"minecraft:sprint_one_cm":84089,"minecraft:damage_taken":2816,"minecraft:walk_one_cm":68594,"minecraft:drop":32,"minecraft:damage_dealt":4107,"minecraft:swim_one_cm":4341,"minecraft:fly_one_cm":86229,"minecraft:crouch_one_cm":12694,"minecraft:play_time":36967,"minecraft:deaths":8,"minecraft:sneak_time":4713,"minecraft:walk_under_water_one_cm":1568,"minecraft:boat_one_cm":29385,"minecraft:jump":674,"minecraft:walk_on_water_one_cm":3489,"minecraft:total_world_time":36967,"minecraft:fall_one_cm":24269},"minecraft:mined":{"minecraft:crafting_table":7,"minecraft:sugar_cane":3,"minecraft:diorite":7,"minecraft:furnace":6,"minecraft:iron_ore":1,"minecraft:birch_log":20,"minecraft:fire":3,"minecraft:andesite":1,"minecraft:birch_leaves":1,"minecraft:tnt":32,"minecraft:coal_ore":38,"minecraft:oak_log":15,"minecraft:sand":3,"minecraft:stone":100,"minecraft:oak_leaves":3}},"DataVersion":3465}