{"stats":{"minecraft:used":{"minecraft:moss_block":1,"minecraft:stone_pickaxe":50,"minecraft:iron_pickaxe":6,"minecraft:wooden_pickaxe":23,"minecraft:glow_berries":7,"minecraft:cobblestone":7,"minecraft:crafting_table":3,"minecraft:furnace":2,"minecraft:bucket":1},"minecraft:custom":{"minecraft:time_since_rest":6744,"minecraft:interact_with_furnace":11,"minecraft:sprint_one_cm":34577,"minecraft:damage_taken":1100,"minecraft:walk_one_cm":36081,"minecraft:damage_dealt":25,"minecraft:interact_with_crafting_table":8,"minecraft:fly_one_cm":72423,"minecraft:crouch_one_cm":7072,"minecraft:play_time":21919,"minecraft:deaths":3,"minecraft:sneak_time":2715,"minecraft:walk_under_water_one_cm":482,"minecraft:jump":493,"minecraft:leave_game":2,"minecraft:walk_on_water_one_cm":519,"minecraft:time_since_death":6705,"minecraft:total_world_time":21919,"minecraft:climb_one_cm":215,"minecraft:fall_one_cm":16731},"minecraft:mined":{"minecraft:diamond_ore":1,"minecraft:furnace":2,"minecraft:deepslate_diamond_ore":1,"minecraft:iron_ore":3,"minecraft:spruce_log":8,"minecraft:crafting_table":2,"minecraft:cave_vines_plant":20,"minecraft:grass":2,"minecraft:coal_ore":4,"minecraft:grass_block":6,"minecraft:cave_vines":55,"minecraft:deepslate_iron_ore":4,"minecraft:dirt":18,"minecraft:tall_grass":1,"minecraft:azalea":1,"minecraft:stone":39,"minecraft:moss_block":1,"minecraft:deepslate":1},"minecraft:crafted":{"minecraft:crafting_table":2,"minecraft:spruce_planks":32,"minecraft:stick":4,"minecraft:iron_pickaxe":1,"minecraft:iron_ingot":7,"minecraft:wooden_pickaxe":1,"minecraft:stone_pickaxe":1,"minecraft:furnace":1,"minecraft:bucket":1,"minecraft:air":0},"minecraft:picked_up":{"minecraft:stick":2,"minecraft:crafting_table":2,"minecraft:raw_iron":7,"minecraft:spruce_log":8,"minecraft:dirt":25,"minecraft:diamond":2,"minecraft:wheat_seeds":1,"minecraft:cobbled_deepslate":1,"minecraft:azalea":1,"minecraft:moss_block":1,"minecraft:glow_berries":22,"minecraft:coal":3,"minecraft:cobblestone":36,"minecraft:furnace":2},"minecraft:killed_by":{"minecraft:player":1}},"DataVersion":3465}