{"stats":{"minecraft:picked_up":{"minecraft:birch_log":24,"minecraft:crafting_table":11,"minecraft:feather":1,"minecraft:chicken":1,"majruszsdifficulty:tattered_helmet":3,"minecraft:oak_log":17,"scalinghealth:heart_crystal":1,"minecraft:dirt":4,"minecraft:string":4,"minecraft:red_bed":3,"minecraft:bone":3,"minecraft:apple":2,"minecraft:spruce_planks":4,"minecraft:oak_boat":2,"minecraft:birch_sapling":1,"minecraft:oak_planks":28,"minecraft:dark_oak_stairs":1,"minecraft:furnace":2,"minecraft:black_terracotta":1,"minecraft:dark_oak_slab":2,"minecraft:stick":7,"scalinghealth:heart_crystal_shard":3,"minecraft:porkchop":10,"minecraft:sand":3,"minecraft:dark_oak_planks":1,"minecraft:tnt":2,"minecraft:arrow":4,"minecraft:diamond":1,"create:asurine":3,"scalinghealth:cursed_heart":1,"minecraft:oak_sapling":8,"iceandfire:raw_silver":1,"minecraft:mutton":9,"minecraft:coal":12,"alexsmobs:flying_fish":1,"minecraft:white_wool":5,"minecraft:cobblestone":53},"minecraft:broken":{"minecraft:golden_sword":1},"minecraft:used":{"minecraft:cooked_mutton":3,"minecraft:flint_and_steel":1,"minecraft:glass_bottle":3,"minecraft:stone_pickaxe":33,"minecraft:oak_planks":1,"minecraft:wooden_pickaxe":8,"minecraft:white_wool":4,"minecraft:dirt":2,"minecraft:mutton":2,"scalinghealth:heart_crystal":1,"minecraft:crafting_table":10,"scalinghealth:cursed_heart":1,"minecraft:oak_log":1,"ancient_elements:stone_hammer":21,"minecraft:bread":1,"minecraft:string":1,"minecraft:dark_oak_slab":2,"minecraft:stone_axe":87,"minecraft:golden_sword":54,"minecraft:wooden_sword":11,"minecraft:cobblestone":3,"minecraft:furnace":2,"minecraft:porkchop":1,"minecraft:oak_boat":5},"minecraft:killed":{"minecraft:husk":1,"minecraft:pig":6,"minecraft:spider":2,"minecraft:skeleton":5,"minecraft:sheep":6,"minecraft:zombie":1,"minecraft:chicken":1,"minecraft:llama":1,"minecraft:silverfish":8},"minecraft:mined":{"minecraft:dark_oak_planks":1,"biomesoplenty:jacaranda_leaves":12,"minecraft:tuff":1,"minecraft:spruce_planks":5,"iceandfire:silver_ore":1,"minecraft:red_bed":3,"minecraft:black_terracotta":2,"minecraft:crafting_table":9,"minecraft:dark_oak_fence":1,"biomesoplenty:bush":2,"minecraft:grass_block":1,"minecraft:spruce_stairs":1,"minecraft:spawner":2,"minecraft:dark_oak_slab":1,"minecraft:furnace":2,"minecraft:birch_log":26,"minecraft:fire":6,"minecraft:tnt":2,"minecraft:dark_oak_stairs":1,"minecraft:grass":3,"minecraft:oak_log":18,"minecraft:coal_ore":3,"minecraft:dirt":2,"minecraft:sand":3,"minecraft:stone":35,"minecraft:oak_leaves":9,"minecraft:tripwire":1,"minecraft:deepslate":1},"minecraft:custom":{"minecraft:interact_with_furnace":30,"minecraft:mob_kills":31,"minecraft:interact_with_crafting_table":23,"minecraft:open_barrel":24,"minecraft:time_since_death":920,"minecraft:climb_one_cm":9231,"minecraft:time_since_rest":946,"minecraft:sprint_one_cm":84197,"minecraft:damage_taken":11352,"minecraft:walk_one_cm":152212,"minecraft:drop":20,"minecraft:damage_dealt":5182,"minecraft:swim_one_cm":11951,"minecraft:fly_one_cm":125919,"minecraft:open_chest":8,"minecraft:crouch_one_cm":12820,"minecraft:play_time":62669,"minecraft:deaths":39,"minecraft:sneak_time":4163,"minecraft:walk_under_water_one_cm":11257,"minecraft:boat_one_cm":258660,"minecraft:jump":891,"minecraft:walk_on_water_one_cm":2477,"minecraft:total_world_time":62669,"minecraft:fall_one_cm":24507},"minecraft:dropped":{"minecraft:crafting_table":3,"minecraft:birch_sapling":1,"minecraft:feather":1,"majruszsdifficulty:tattered_helmet":2,"create:asurine":3,"minecraft:cobweb":2,"minecraft:stick":1,"minecraft:dirt":1,"alexsmobs:flying_fish":1,"minecraft:oak_sapling":2,"minecraft:wooden_sword":1,"minecraft:wooden_pickaxe":1,"minecraft:string":3,"minecraft:white_wool":1},"minecraft:crafted":{"minecraft:glass_bottle":3,"minecraft:wooden_sword":1,"minecraft:oak_planks":64,"minecraft:cooked_porkchop":9,"minecraft:crafting_table":4,"minecraft:cooked_chicken":1,"minecraft:wooden_pickaxe":2,"minecraft:furnace":2,"minecraft:birch_planks":4,"minecraft:stone_axe":1,"minecraft:cooked_mutton":7,"minecraft:air":0,"minecraft:glass":3,"minecraft:oak_boat":3,"minecraft:stick":16,"minecraft:stone_pickaxe":1,"ancient_elements:stone_hammer":1,"minecraft:golden_sword":2},"minecraft:killed_by":{"minecraft:husk":2,"minecraft:skeleton":28,"minecraft:stray":1,"minecraft:spider":1,"minecraft:zombie":6}},"DataVersion":3465}