{"stats":{"minecraft:picked_up":{"minecraft:crafting_table":1,"minecraft:stick":4,"minecraft:apple":2,"minecraft:oak_log":15,"alexsmobs:flying_fish":1,"minecraft:oak_sapling":6,"minecraft:dirt":4,"minecraft:cobblestone":4},"minecraft:used":{"minecraft:oak_log":1,"minecraft:dirt":2,"minecraft:crafting_table":2,"minecraft:wooden_pickaxe":4},"minecraft:mined":{"minecraft:grass_block":1,"minecraft:oak_log":16,"minecraft:dirt":2,"minecraft:stone":4,"minecraft:crafting_table":1,"minecraft:oak_leaves":7},"minecraft:custom":{"minecraft:time_since_rest":1093,"minecraft:deaths":3,"minecraft:crouch_one_cm":1953,"minecraft:play_time":14669,"minecraft:sprint_one_cm":9772,"minecraft:damage_taken":723,"minecraft:walk_one_cm":14579,"minecraft:sneak_time":937,"minecraft:drop":5,"minecraft:jump":86,"minecraft:damage_dealt":26,"minecraft:time_since_death":1067,"minecraft:total_world_time":14669,"minecraft:interact_with_crafting_table":3,"minecraft:fall_one_cm":1850,"minecraft:fly_one_cm":11536},"minecraft:crafted":{"minecraft:oak_planks":56,"minecraft:crafting_table":2,"minecraft:stick":4,"minecraft:wooden_pickaxe":1},"minecraft:dropped":{"minecraft:dirt":1,"alexsmobs:flying_fish":1,"minecraft:oak_sapling":2,"minecraft:stick":1},"minecraft:killed_by":{"minecraft:spider":1,"minecraft:zombie":2}},"DataVersion":3465}