{"stats":{"minecraft:picked_up":{"minecraft:crafting_table":15,"minecraft:chicken":2,"minecraft:string":7,"minecraft:red_bed":3,"ancient_elements:stone_hammer":1,"minecraft:cobbled_deepslate":55,"minecraft:spruce_planks":4,"minecraft:oak_boat":2,"minecraft:iron_pickaxe":1,"minecraft:birch_sapling":1,"minecraft:furnace":7,"minecraft:stick":13,"minecraft:raw_iron":32,"minecraft:torch":3,"minecraft:porkchop":13,"minecraft:diorite":6,"minecraft:redstone":34,"minecraft:dark_oak_planks":1,"minecraft:tnt":2,"minecraft:arrow":8,"minecraft:rotten_flesh":1,"create:asurine":3,"minecraft:mutton":9,"minecraft:white_wool":5,"alexsmobs:flying_fish":1,"minecraft:cobblestone":645,"minecraft:birch_log":24,"minecraft:feather":5,"minecraft:andesite":8,"majruszsdifficulty:tattered_helmet":5,"minecraft:tuff":22,"minecraft:oak_log":42,"minecraft:gunpowder":1,"scalinghealth:heart_crystal":2,"minecraft:dirt":4,"minecraft:bone":23,"minecraft:apple":3,"minecraft:oak_planks":28,"minecraft:dark_oak_stairs":1,"scalinghealth:heart_crystal_shard":3,"minecraft:dark_oak_slab":2,"minecraft:black_terracotta":1,"royalvariations:royal_bone":1,"minecraft:sand":3,"minecraft:spectral_arrow":5,"minecraft:diamond":11,"minecraft:stone_axe":1,"minecraft:iron_helmet":1,"minecraft:granite":11,"scalinghealth:cursed_heart":1,"minecraft:oak_sapling":13,"minecraft:coal":81,"iceandfire:raw_silver":2},"minecraft:broken":{"minecraft:shield":1,"minecraft:golden_sword":2,"minecraft:stone_axe":1,"minecraft:iron_helmet":1},"minecraft:used":{"minecraft:flint_and_steel":4,"minecraft:spruce_planks":2,"minecraft:shield":65,"minecraft:torch":74,"minecraft:dirt":2,"minecraft:mutton":2,"scalinghealth:heart_crystal":2,"minecraft:tuff":2,"minecraft:granite":8,"ancient_elements:stone_hammer":92,"minecraft:dark_oak_slab":2,"minecraft:golden_sword":67,"minecraft:furnace":7,"minecraft:cobbled_deepslate":1,"minecraft:cooked_mutton":6,"minecraft:diamond_boots":1,"minecraft:glass_bottle":3,"minecraft:stone_pickaxe":33,"minecraft:oak_planks":1,"minecraft:wooden_pickaxe":8,"ancient_elements:iron_hammer":147,"minecraft:white_wool":4,"minecraft:crafting_table":15,"scalinghealth:cursed_heart":1,"minecraft:oak_log":1,"minecraft:diamond_pickaxe":3,"minecraft:bread":3,"minecraft:string":1,"minecraft:iron_pickaxe":17,"minecraft:stone_axe":145,"minecraft:diamond_sword":23,"minecraft:wooden_sword":11,"minecraft:cobblestone":134,"minecraft:potion":3,"minecraft:cooked_porkchop":3,"minecraft:porkchop":1,"minecraft:oak_boat":5},"minecraft:killed":{"minecraft:spider":4,"alexsmobs:murmur":1,"royalvariations:royal_skeleton":2,"minecraft:skeleton":11,"minecraft:chicken":3,"minecraft:llama":1,"minecraft:silverfish":8,"minecraft:husk":1,"minecraft:pig":7,"minecraft:creeper":1,"minecraft:sheep":6,"minecraft:zombie":4},"minecraft:mined":{"minecraft:dark_oak_planks":1,"minecraft:tuff":2,"minecraft:spruce_planks":5,"iceandfire:silver_ore":1,"minecraft:deepslate_diamond_ore":3,"minecraft:black_terracotta":2,"minecraft:granite":8,"minecraft:dark_oak_fence":1,"biomesoplenty:bush":2,"minecraft:grass_block":1,"minecraft:spawner":2,"minecraft:furnace":7,"minecraft:iron_ore":3,"minecraft:fire":12,"minecraft:andesite":1,"minecraft:dark_oak_stairs":1,"minecraft:deepslate_iron_ore":2,"minecraft:stone":135,"minecraft:tripwire":1,"biomesoplenty:jacaranda_leaves":12,"minecraft:deepslate_redstone_ore":1,"minecraft:red_bed":5,"minecraft:crafting_table":14,"minecraft:cobblestone":5,"minecraft:wall_torch":1,"minecraft:spruce_stairs":1,"minecraft:dark_oak_slab":1,"minecraft:birch_log":26,"minecraft:tnt":2,"minecraft:grass":4,"minecraft:coal_ore":14,"minecraft:oak_log":43,"minecraft:sand":3,"minecraft:dirt":2,"minecraft:oak_leaves":9,"minecraft:deepslate":94},"minecraft:custom":{"minecraft:mob_kills":49,"minecraft:interact_with_crafting_table":39,"minecraft:open_barrel":24,"minecraft:time_since_death":6188,"minecraft:climb_one_cm":9231,"minecraft:sprint_one_cm":201536,"minecraft:walk_one_cm":264083,"minecraft:damage_blocked_by_shield":3759,"minecraft:drop":57,"minecraft:play_time":122669,"minecraft:deaths":47,"minecraft:sneak_time":10359,"minecraft:walk_under_water_one_cm":17491,"minecraft:boat_one_cm":482310,"minecraft:jump":1751,"minecraft:walk_on_water_one_cm":12840,"minecraft:total_world_time":122669,"minecraft:interact_with_furnace":59,"minecraft:time_since_rest":6215,"minecraft:damage_taken":15779,"minecraft:damage_dealt":9224,"minecraft:swim_one_cm":15860,"minecraft:fly_one_cm":257556,"minecraft:open_chest":8,"minecraft:crouch_one_cm":35358,"minecraft:fall_one_cm":71552},"minecraft:dropped":{"iceandfire:raw_silver":2,"minecraft:dark_oak_stairs":1,"minecraft:crafting_table":3,"minecraft:feather":5,"minecraft:cobblestone":315,"majruszsdifficulty:tattered_helmet":5,"minecraft:apple":1,"minecraft:granite":3,"ancient_elements:stone_hammer":2,"minecraft:stick":3,"minecraft:cobweb":2,"minecraft:dirt":1,"minecraft:red_bed":3,"minecraft:diorite":6,"alexsmobs:flying_fish":1,"minecraft:wooden_sword":1,"minecraft:iron_pickaxe":1,"minecraft:string":5,"minecraft:dark_oak_planks":1,"minecraft:white_wool":1,"minecraft:stone_axe":1,"minecraft:birch_sapling":1,"minecraft:chicken":1,"minecraft:oak_planks":1,"create:asurine":3,"minecraft:andesite":8,"minecraft:oak_sapling":9,"minecraft:arrow":4,"minecraft:wooden_pickaxe":1,"minecraft:stone_pickaxe":1},"minecraft:crafted":{"minecraft:wooden_sword":1,"minecraft:oak_planks":68,"minecraft:cooked_chicken":1,"minecraft:furnace":5,"minecraft:cooked_mutton":7,"minecraft:glass":3,"minecraft:stone_pickaxe":1,"minecraft:diamond_boots":1,"minecraft:golden_sword":2,"minecraft:glass_bottle":3,"minecraft:diamond_sword":1,"minecraft:cooked_porkchop":9,"minecraft:crafting_table":5,"minecraft:spruce_planks":16,"minecraft:wooden_pickaxe":2,"minecraft:birch_planks":4,"minecraft:stone_axe":2,"minecraft:air":0,"minecraft:oak_boat":3,"minecraft:diamond_pickaxe":1,"minecraft:shield":2,"minecraft:stick":36,"minecraft:iron_ingot":10,"minecraft:iron_pickaxe":1,"ancient_elements:iron_hammer":1,"ancient_elements:stone_hammer":1,"minecraft:torch":72},"minecraft:killed_by":{"minecraft:husk":2,"alexsmobs:skelewag":1,"minecraft:creeper":1,"minecraft:stray":1,"minecraft:spider":1,"iceandfire:siren":1,"minecraft:skeleton":29,"minecraft:zombie":9}},"DataVersion":3465}