{"stats":{"minecraft:picked_up":{"minecraft:stick":2,"minecraft:apple":2,"minecraft:oak_log":6,"minecraft:oak_sapling":2,"minecraft:dirt":2},"minecraft:used":{"minecraft:dirt":2,"minecraft:crafting_table":1},"minecraft:mined":{"minecraft:grass_block":1,"minecraft:oak_log":6,"minecraft:dirt":1,"minecraft:oak_leaves":6},"minecraft:custom":{"minecraft:time_since_rest":2669,"minecraft:crouch_one_cm":290,"minecraft:play_time":2669,"minecraft:sprint_one_cm":3220,"minecraft:walk_one_cm":6023,"minecraft:sneak_time":94,"minecraft:drop":3,"minecraft:jump":28,"minecraft:time_since_death":2669,"minecraft:total_world_time":2669,"minecraft:interact_with_crafting_table":1,"minecraft:fall_one_cm":478,"minecraft:fly_one_cm":2702},"minecraft:dropped":{"minecraft:oak_sapling":2,"minecraft:stick":1},"minecraft:crafted":{"minecraft:oak_planks":24,"minecraft:crafting_table":1,"minecraft:stick":4,"minecraft:wooden_pickaxe":1}},"DataVersion":3465}