{"stats":{"minecraft:picked_up":{"minecraft:iron_chestplate":1,"minecraft:crafting_table":15,"minecraft:chicken":2,"ancient_elements:obsidian_boots":1,"minecraft:diamond_sword":1,"minecraft:shield":1,"minecraft:flint_and_steel":1,"minecraft:string":10,"minecraft:red_bed":3,"ancient_elements:stone_hammer":1,"minecraft:cobbled_deepslate":553,"minecraft:bucket":1,"minecraft:spruce_planks":4,"minecraft:oak_boat":2,"minecraft:iron_pickaxe":2,"minecraft:birch_sapling":1,"minecraft:furnace":14,"minecraft:stick":95,"minecraft:raw_iron":32,"minecraft:torch":8,"minecraft:porkchop":16,"minecraft:diorite":6,"minecraft:redstone":74,"minecraft:dark_oak_planks":1,"minecraft:tnt":13,"ancient_elements:obsidian_ingot":5,"minecraft:arrow":12,"minecraft:rotten_flesh":12,"minecraft:diamond_boots":1,"create:asurine":3,"minecraft:gold_ingot":12,"minecraft:obsidian":30,"minecraft:mutton":9,"minecraft:white_wool":5,"alexsmobs:flying_fish":1,"minecraft:cobblestone":897,"minecraft:birch_log":24,"minecraft:feather":5,"minecraft:andesite":8,"ancient_elements:iron_hammer":1,"ancient_elements:obsidian_pickaxe":1,"majruszsdifficulty:tattered_helmet":5,"minecraft:tuff":48,"minecraft:oak_log":42,"minecraft:gunpowder":9,"scalinghealth:heart_crystal":2,"minecraft:dirt":4,"minecraft:bone":58,"minecraft:apple":3,"minecraft:cooked_chicken":1,"minecraft:iron_ingot":24,"minecraft:glass_bottle":3,"minecraft:oak_planks":86,"minecraft:dark_oak_stairs":1,"scalinghealth:heart_crystal_shard":12,"minecraft:dark_oak_slab":2,"minecraft:black_terracotta":1,"minecraft:cooked_porkchop":4,"royalvariations:royal_bone":4,"minecraft:sand":3,"minecraft:spectral_arrow":21,"minecraft:diamond":15,"minecraft:stone_axe":2,"minecraft:iron_helmet":2,"minecraft:granite":11,"minecraft:bread":1,"scalinghealth:cursed_heart":1,"minecraft:oak_sapling":13,"minecraft:coal":125,"iceandfire:raw_silver":2,"minecraft:diamond_pickaxe":2},"minecraft:broken":{"minecraft:shield":2,"minecraft:golden_sword":2,"minecraft:stone_axe":1,"minecraft:iron_helmet":1},"minecraft:used":{"minecraft:flint_and_steel":4,"minecraft:spruce_planks":2,"minecraft:shield":84,"minecraft:torch":130,"minecraft:dirt":2,"minecraft:mutton":2,"scalinghealth:heart_crystal":2,"minecraft:tuff":2,"minecraft:granite":8,"minecraft:obsidian":1,"ancient_elements:stone_hammer":92,"minecraft:dark_oak_slab":2,"minecraft:golden_sword":67,"minecraft:furnace":15,"minecraft:cobbled_deepslate":98,"ancient_elements:obsidian_pickaxe":43,"minecraft:cooked_mutton":6,"minecraft:water_bucket":3,"minecraft:diamond_boots":1,"minecraft:glass_bottle":3,"minecraft:stone_pickaxe":33,"minecraft:oak_planks":1,"minecraft:wooden_pickaxe":8,"ancient_elements:iron_hammer":192,"minecraft:white_wool":4,"minecraft:crafting_table":17,"scalinghealth:cursed_heart":1,"minecraft:oak_log":1,"minecraft:diamond_pickaxe":191,"minecraft:bread":3,"minecraft:string":1,"minecraft:iron_pickaxe":17,"minecraft:stone_axe":145,"minecraft:diamond_sword":63,"minecraft:wooden_sword":11,"minecraft:cobblestone":134,"minecraft:potion":3,"minecraft:cooked_porkchop":5,"minecraft:porkchop":1,"minecraft:bucket":3,"minecraft:oak_boat":5},"minecraft:killed":{"minecraft:spider":4,"alexsmobs:murmur":1,"royalvariations:royal_skeleton":3,"minecraft:skeleton":11,"minecraft:chicken":3,"minecraft:llama":1,"minecraft:silverfish":8,"minecraft:husk":1,"minecraft:pig":7,"minecraft:creeper":3,"minecraft:sheep":6,"minecraft:zombie":8},"minecraft:mined":{"minecraft:dark_oak_planks":1,"minecraft:tuff":9,"minecraft:spruce_planks":5,"iceandfire:silver_ore":1,"minecraft:deepslate_diamond_ore":4,"minecraft:black_terracotta":2,"minecraft:obsidian":28,"minecraft:granite":8,"minecraft:dark_oak_fence":1,"biomesoplenty:bush":2,"minecraft:grass_block":1,"minecraft:spawner":2,"minecraft:furnace":12,"minecraft:cobbled_deepslate":4,"minecraft:iron_ore":3,"minecraft:fire":12,"minecraft:andesite":1,"minecraft:dark_oak_stairs":1,"minecraft:deepslate_iron_ore":2,"minecraft:stone":135,"minecraft:tripwire":1,"biomesoplenty:jacaranda_leaves":12,"minecraft:deepslate_redstone_ore":1,"minecraft:red_bed":5,"minecraft:crafting_table":15,"minecraft:torch":1,"minecraft:cobblestone":5,"minecraft:wall_torch":4,"minecraft:spruce_stairs":1,"minecraft:dark_oak_slab":1,"minecraft:birch_log":26,"minecraft:tnt":2,"minecraft:grass":4,"minecraft:coal_ore":14,"minecraft:oak_log":43,"minecraft:sand":3,"minecraft:dirt":2,"minecraft:oak_leaves":9,"minecraft:deepslate":321},"minecraft:custom":{"minecraft:mob_kills":57,"minecraft:interact_with_crafting_table":53,"minecraft:open_barrel":24,"minecraft:time_since_death":9638,"minecraft:climb_one_cm":9231,"minecraft:sprint_one_cm":252944,"minecraft:walk_one_cm":343931,"minecraft:damage_blocked_by_shield":5460,"minecraft:drop":93,"minecraft:play_time":170669,"minecraft:deaths":51,"minecraft:sneak_time":23670,"minecraft:walk_under_water_one_cm":22234,"minecraft:boat_one_cm":482310,"minecraft:jump":2598,"minecraft:walk_on_water_one_cm":29532,"minecraft:total_world_time":170669,"minecraft:interact_with_furnace":111,"minecraft:time_since_rest":9673,"minecraft:damage_taken":17384,"minecraft:damage_dealt":11353,"minecraft:swim_one_cm":18146,"minecraft:fly_one_cm":342718,"minecraft:open_chest":8,"minecraft:crouch_one_cm":56178,"minecraft:fall_one_cm":87714},"minecraft:dropped":{"iceandfire:raw_silver":2,"minecraft:dark_oak_stairs":1,"minecraft:glass_bottle":3,"minecraft:crafting_table":3,"minecraft:iron_helmet":1,"minecraft:feather":5,"minecraft:cobblestone":759,"scalinghealth:heart_crystal_shard":6,"minecraft:spectral_arrow":14,"majruszsdifficulty:tattered_helmet":5,"minecraft:apple":1,"minecraft:granite":3,"ancient_elements:stone_hammer":2,"minecraft:stick":44,"minecraft:cobweb":2,"minecraft:dirt":1,"minecraft:red_bed":3,"minecraft:diorite":6,"minecraft:torch":1,"alexsmobs:flying_fish":1,"minecraft:wooden_sword":1,"minecraft:iron_pickaxe":1,"minecraft:string":8,"minecraft:dark_oak_planks":1,"minecraft:white_wool":1,"minecraft:stone_axe":1,"minecraft:cooked_chicken":2,"minecraft:cobbled_deepslate":192,"minecraft:tuff":34,"minecraft:birch_sapling":1,"minecraft:chicken":1,"minecraft:rotten_flesh":8,"minecraft:oak_planks":1,"create:asurine":3,"minecraft:gunpowder":4,"minecraft:iron_chestplate":1,"minecraft:diamond_pickaxe":1,"minecraft:andesite":8,"minecraft:oak_sapling":9,"minecraft:diamond_boots":1,"minecraft:arrow":8,"minecraft:wooden_pickaxe":1,"minecraft:stone_pickaxe":1},"minecraft:crafted":{"minecraft:wooden_sword":1,"minecraft:oak_planks":164,"ancient_elements:obsidian_helmet":1,"minecraft:cooked_chicken":1,"minecraft:furnace":5,"minecraft:cooked_mutton":7,"minecraft:glass":3,"ancient_elements:obsidian_boots":1,"ancient_elements:obsidian_leggings":1,"minecraft:stone_pickaxe":1,"minecraft:diamond_boots":1,"minecraft:golden_sword":2,"minecraft:glass_bottle":3,"minecraft:diamond_sword":1,"minecraft:cooked_porkchop":9,"minecraft:crafting_table":6,"minecraft:spruce_planks":16,"minecraft:iron_helmet":1,"minecraft:wooden_pickaxe":2,"minecraft:bucket":1,"minecraft:birch_planks":4,"minecraft:stone_axe":2,"minecraft:air":0,"minecraft:oak_boat":3,"minecraft:diamond_pickaxe":1,"minecraft:shield":3,"minecraft:stick":92,"minecraft:iron_ingot":21,"minecraft:iron_pickaxe":1,"ancient_elements:iron_hammer":1,"ancient_elements:stone_hammer":1,"minecraft:torch":124,"ancient_elements:obsidian_ingot":24,"ancient_elements:obsidian_pickaxe":1},"minecraft:killed_by":{"minecraft:husk":2,"alexsmobs:skelewag":1,"minecraft:creeper":1,"minecraft:stray":1,"minecraft:spider":1,"iceandfire:siren":1,"minecraft:skeleton":31,"minecraft:zombie":9,"iceandfire:troll":1}},"DataVersion":3465}