{"stats":{"minecraft:killed":{"minecraft:pig":1,"minecraft:spider":1,"minecraft:creeper":1,"minecraft:skeleton":2,"minecraft:cow":1},"minecraft:used":{"minecraft:moss_block":1,"minecraft:water_bucket":18,"minecraft:stone_sword":17,"minecraft:glass_bottle":1,"minecraft:stone_pickaxe":51,"minecraft:shield":17,"minecraft:wooden_pickaxe":23,"minecraft:glow_berries":10,"minecraft:crafting_table":6,"minecraft:honey_bottle":2,"minecraft:spruce_boat":5,"minecraft:iron_pickaxe":25,"minecraft:stone_axe":49,"minecraft:cobblestone":20,"minecraft:furnace":2,"minecraft:bucket":19,"minecraft:waxed_cut_copper_stairs":1,"minecraft:cobbled_deepslate":1,"minecraft:cobweb":3,"minecraft:beetroot_soup":1},"minecraft:custom":{"minecraft:interact_with_furnace":11,"minecraft:mob_kills":6,"minecraft:interact_with_crafting_table":13,"minecraft:tune_noteblock":1,"minecraft:damage_dealt_resisted":160,"minecraft:leave_game":5,"minecraft:time_since_death":28,"minecraft:climb_one_cm":215,"minecraft:damage_resisted":484,"minecraft:time_since_rest":54,"minecraft:sprint_one_cm":126236,"minecraft:damage_taken":12265,"minecraft:walk_one_cm":98391,"minecraft:damage_blocked_by_shield":730,"minecraft:drop":1,"minecraft:damage_dealt":3345,"minecraft:damage_dealt_absorbed":80,"minecraft:swim_one_cm":8617,"minecraft:fly_one_cm":322651,"minecraft:open_chest":3,"minecraft:crouch_one_cm":8077,"minecraft:play_time":54448,"minecraft:deaths":40,"minecraft:sneak_time":3537,"minecraft:walk_under_water_one_cm":4343,"minecraft:boat_one_cm":205560,"minecraft:jump":1336,"minecraft:walk_on_water_one_cm":11674,"minecraft:total_world_time":54448,"minecraft:fall_one_cm":38644},"minecraft:dropped":{"minecraft:iron_pickaxe":1},"minecraft:mined":{"minecraft:waxed_cut_copper_stairs":1,"minecraft:diamond_ore":1,"minecraft:deepslate_diamond_ore":1,"minecraft:crafting_table":4,"minecraft:cave_vines_plant":20,"minecraft:blast_furnace":1,"minecraft:grass_block":6,"minecraft:tall_grass":4,"minecraft:sugar_cane":9,"minecraft:moss_block":1,"minecraft:spawner":3,"minecraft:furnace":2,"minecraft:iron_ore":3,"minecraft:fire":2,"minecraft:spruce_log":8,"minecraft:grass":6,"minecraft:coal_ore":4,"minecraft:cave_vines":55,"iceandfire:gold_pile":1,"minecraft:deepslate_iron_ore":4,"minecraft:dirt":18,"minecraft:cobweb":3,"minecraft:azalea":1,"minecraft:stone":39,"minecraft:deepslate":1},"minecraft:crafted":{"minecraft:crafting_table":2,"minecraft:spruce_planks":32,"minecraft:wooden_pickaxe":1,"minecraft:furnace":1,"minecraft:bucket":1,"minecraft:stone_axe":1,"minecraft:air":0,"minecraft:shield":1,"minecraft:stick":8,"minecraft:iron_ingot":7,"minecraft:iron_pickaxe":1,"minecraft:stone_pickaxe":1,"minecraft:stone_sword":1,"minecraft:spruce_boat":1},"minecraft:picked_up":{"minecraft:crafting_table":4,"minecraft:feather":1,"minecraft:chicken":1,"minecraft:leather":1,"minecraft:gunpowder":1,"minecraft:string":5,"minecraft:dirt":25,"minecraft:beetroot_soup":1,"minecraft:item_frame":3,"minecraft:wheat_seeds":2,"minecraft:gold_nugget":8,"minecraft:cobbled_deepslate":1,"minecraft:beef":3,"scalinghealth:power_crystal_shard":1,"minecraft:azalea":1,"minecraft:iron_pickaxe":1,"minecraft:moss_block":1,"minecraft:sugar_cane":12,"minecraft:furnace":2,"minecraft:stick":2,"minecraft:raw_iron":7,"minecraft:sweet_berries":1,"minecraft:porkchop":2,"minecraft:carrot":1,"minecraft:spruce_log":8,"minecraft:waxed_cut_copper_stairs":1,"minecraft:arrow":3,"minecraft:honey_bottle":2,"minecraft:diamond":2,"minecraft:spruce_boat":4,"minecraft:oak_sapling":1,"minecraft:glow_berries":22,"minecraft:coal":3,"minecraft:cobblestone":36},"minecraft:killed_by":{"minecraft:husk":1,"minecraft:player":1,"minecraft:skeleton":11,"minecraft:creeper":1,"minecraft:spider":1,"iceandfire:fire_dragon":22}},"DataVersion":3465}