{"stats":{"minecraft:killed":{"minecraft:wolf":1,"minecraft:spider":2,"minecraft:skeleton":3,"minecraft:zombie":3,"alexsmobs:fly":1},"minecraft:used":{"minecraft:diorite":11,"minecraft:stone_pickaxe":129,"minecraft:shield":22,"minecraft:wooden_pickaxe":5,"minecraft:iron_sword":130,"minecraft:torch":7,"minecraft:dirt":15,"minecraft:mutton":2,"scalinghealth:heart_crystal":2,"minecraft:crafting_table":7,"minecraft:tuff":33,"minecraft:wooden_axe":26,"scalinghealth:enchanted_heart":2,"minecraft:lantern":7,"minecraft:iron_axe":4,"minecraft:iron_pickaxe":148,"minecraft:iron_helmet":1,"minecraft:stone_axe":1,"minecraft:cobblestone":58,"minecraft:furnace":2,"minecraft:cobbled_deepslate":19},"minecraft:broken":{"minecraft:stone_pickaxe":1},"minecraft:custom":{"minecraft:interact_with_furnace":13,"minecraft:mob_kills":10,"minecraft:open_barrel":8,"minecraft:interact_with_crafting_table":13,"minecraft:leave_game":1,"minecraft:time_since_death":2419,"minecraft:sleep_in_bed":1,"minecraft:time_since_rest":301,"minecraft:sprint_one_cm":166197,"minecraft:damage_taken":14169,"minecraft:walk_one_cm":163443,"minecraft:damage_blocked_by_shield":1682,"minecraft:drop":24,"minecraft:damage_dealt":3872,"minecraft:play_noteblock":1,"minecraft:talked_to_villager":3,"minecraft:swim_one_cm":16456,"minecraft:player_kills":1,"minecraft:fly_one_cm":171666,"minecraft:open_chest":8,"minecraft:crouch_one_cm":2288,"minecraft:play_time":67501,"minecraft:deaths":44,"minecraft:sneak_time":1120,"minecraft:walk_under_water_one_cm":11159,"minecraft:jump":1079,"minecraft:walk_on_water_one_cm":5583,"minecraft:total_world_time":67501,"minecraft:fall_one_cm":21295},"minecraft:mined":{"minecraft:dark_prismarine":1,"minecraft:tuff":33,"minecraft:note_block":1,"minecraft:soul_lantern":1,"minecraft:crafting_table":6,"minecraft:clay":6,"minecraft:torch":5,"minecraft:granite":7,"biomesoplenty:bush":2,"minecraft:grass_block":1,"minecraft:rose_bush":1,"minecraft:stone_slab":1,"ancient_elements:cloud":1,"minecraft:cobblestone":1,"minecraft:copper_ore":3,"minecraft:lapis_ore":5,"minecraft:diorite":12,"minecraft:wall_torch":2,"minecraft:large_fern":1,"minecraft:furnace":2,"minecraft:iron_ore":9,"minecraft:sweet_berry_bush":1,"minecraft:spruce_log":24,"minecraft:andesite":3,"minecraft:grass":5,"minecraft:coal_ore":41,"minecraft:deepslate_iron_ore":8,"minecraft:lantern":6,"minecraft:dirt":15,"minecraft:stone":71,"minecraft:player_head":1,"minecraft:cyan_candle":2,"minecraft:oak_leaves":1,"minecraft:deepslate":55,"minecraft:fern":1},"minecraft:dropped":{"minecraft:iron_ingot":2,"minecraft:iron_sword":1,"minecraft:sugar_cane":6,"minecraft:soul_lantern":1,"minecraft:rotten_flesh":1,"minecraft:stone_slab":1,"minecraft:dirt":4,"minecraft:andesite":6,"minecraft:bow":1,"minecraft:stone_pickaxe":1,"minecraft:spruce_sapling":5},"minecraft:crafted":{"minecraft:iron_nugget":9,"minecraft:crafting_table":1,"minecraft:spruce_planks":88,"minecraft:iron_helmet":1,"minecraft:wooden_pickaxe":1,"minecraft:iron_sword":1,"minecraft:furnace":1,"minecraft:stone_axe":1,"minecraft:lantern":1,"minecraft:shield":1,"minecraft:iron_axe":1,"minecraft:stick":12,"minecraft:iron_ingot":17,"minecraft:iron_pickaxe":1,"minecraft:stone_pickaxe":1,"minecraft:wooden_axe":1,"minecraft:torch":4},"minecraft:picked_up":{"minecraft:crafting_table":7,"minecraft:clay_ball":24,"minecraft:andesite":9,"minecraft:stone_slab":1,"minecraft:cooked_rabbit":1,"minecraft:tuff":33,"scalinghealth:heart_crystal":2,"minecraft:lapis_lazuli":54,"minecraft:string":3,"minecraft:dirt":19,"minecraft:lantern":6,"minecraft:raw_copper":9,"minecraft:bone":5,"minecraft:bow":2,"minecraft:gold_nugget":42,"minecraft:wheat_seeds":3,"minecraft:cobbled_deepslate":55,"minecraft:stone_pickaxe":1,"scalinghealth:power_crystal_shard":1,"minecraft:player_head":1,"minecraft:poppy":1,"minecraft:sugar_cane":6,"minecraft:iron_sword":1,"minecraft:furnace":2,"minecraft:stick":2,"minecraft:raw_iron":17,"minecraft:sweet_berries":3,"minecraft:torch":8,"scalinghealth:enchanted_heart":2,"minecraft:spruce_sapling":5,"minecraft:diorite":13,"minecraft:spruce_log":22,"minecraft:arrow":7,"minecraft:rotten_flesh":3,"minecraft:soul_lantern":2,"minecraft:granite":7,"minecraft:mutton":2,"minecraft:coal":42,"minecraft:cobblestone":69},"minecraft:killed_by":{"minecraft:player":1,"royalvariations:royal_skeleton":1,"minecraft:skeleton":2,"minecraft:spider":2,"minecraft:zombie":15,"alexsmobs:grizzly_bear":2,"creeperoverhaul:spruce_creeper":1,"iceandfire:fire_dragon":16}},"DataVersion":3465}