{"stats":{"minecraft:killed":{"minecraft:spider":1,"majruszsdifficulty:cursed_armor":1,"minecraft:horse":1,"minecraft:skeleton":2,"royalvariations:royal_zombie":1,"minecraft:zombie":2},"minecraft:used":{"minecraft:stone_sword":35,"minecraft:acacia_log":1,"minecraft:stone_pickaxe":59,"minecraft:baked_potato":3,"minecraft:oak_planks":18,"minecraft:wooden_pickaxe":5,"minecraft:shield":13,"minecraft:iron_sword":36,"iceandfire:dragon_skull_lightning":1,"minecraft:dirt":4,"minecraft:white_carpet":2,"minecraft:crafting_table":6,"ancient_elements:cloud":1,"minecraft:diamond_pickaxe":1,"minecraft:iron_pickaxe":62,"minecraft:iron_helmet":1,"minecraft:stone_bricks":3,"minecraft:stone_axe":10,"minecraft:cobblestone":18,"minecraft:hay_block":1,"minecraft:furnace":1,"alexsmobs:animal_dictionary":2,"minecraft:potato":2},"minecraft:killed_by":{"minecraft:player":1,"minecraft:skeleton":6,"minecraft:creeper":1,"minecraft:zombie":2,"iceandfire:ghost":3},"minecraft:crafted":{"blue_skies:blue_journal":1,"minecraft:oak_planks":40,"minecraft:crafting_table":1,"minecraft:wooden_pickaxe":2,"minecraft:iron_helmet":1,"minecraft:iron_sword":1,"minecraft:furnace":1,"minecraft:stone_axe":1,"minecraft:shield":1,"minecraft:stick":12,"minecraft:iron_pickaxe":1,"minecraft:iron_ingot":10,"minecraft:stone_pickaxe":1,"minecraft:stone_sword":1},"minecraft:picked_up":{"iceandfire:dragon_skull_lightning":5,"minecraft:crafting_table":7,"minecraft:anvil":1,"minecraft:orange_carpet":4,"minecraft:leather":1,"minecraft:golden_leggings":1,"ancient_elements:cloud":1,"minecraft:wooden_pickaxe":2,"minecraft:potato":2,"minecraft:oak_log":16,"minecraft:dirt":6,"minecraft:string":11,"minecraft:lantern":1,"minecraft:raw_copper":4,"minecraft:white_carpet":2,"minecraft:bone":2,"minecraft:stone_bricks":3,"minecraft:wheat_seeds":16,"minecraft:cobbled_deepslate":7,"minecraft:iron_ingot":1,"minecraft:stone_pickaxe":1,"minecraft:oak_planks":2,"minecraft:furnace":1,"minecraft:raw_iron":11,"iceandfire:dragonbone":61,"ancient_elements:scarlet_shard":3,"minecraft:acacia_log":1,"ancient_elements:raw_tin":1,"minecraft:spider_eye":1,"alexsmobs:animal_dictionary":1,"ancient_elements:nocturnal_shard":3,"minecraft:arrow":4,"minecraft:rotten_flesh":5,"minecraft:stone_axe":1,"minecraft:hay_block":1,"minecraft:oak_sapling":2,"minecraft:coal":43,"minecraft:cobblestone":40},"minecraft:dropped":{"minecraft:wheat_seeds":8,"minecraft:orange_carpet":2,"minecraft:diamond_pickaxe":1,"minecraft:golden_leggings":1,"minecraft:stone_pickaxe":1,"minecraft:wooden_pickaxe":1,"minecraft:bone":8},"minecraft:custom":{"minecraft:interact_with_furnace":9,"minecraft:mob_kills":8,"minecraft:traded_with_villager":1,"minecraft:interact_with_crafting_table":11,"minecraft:open_barrel":2,"minecraft:damage_dealt_resisted":10,"minecraft:leave_game":1,"minecraft:time_since_death":2415,"minecraft:sleep_in_bed":1,"minecraft:climb_one_cm":1913,"minecraft:time_since_rest":2452,"minecraft:sprint_one_cm":171600,"minecraft:damage_taken":6799,"minecraft:walk_one_cm":206834,"minecraft:damage_blocked_by_shield":653,"minecraft:trigger_trapped_chest":1,"minecraft:drop":8,"minecraft:damage_dealt":2497,"minecraft:player_kills":3,"minecraft:swim_one_cm":26455,"minecraft:talked_to_villager":2,"minecraft:fly_one_cm":314912,"minecraft:open_chest":11,"minecraft:crouch_one_cm":156,"minecraft:play_time":67007,"minecraft:deaths":19,"minecraft:sneak_time":669,"minecraft:walk_under_water_one_cm":18528,"minecraft:jump":1352,"minecraft:walk_on_water_one_cm":12153,"minecraft:total_world_time":67007,"minecraft:fall_one_cm":51084},"minecraft:mined":{"create:zinc_ore":4,"minecraft:crafting_table":6,"minecraft:acacia_log":1,"minecraft:grass_block":4,"ancient_elements:scarlet_clust":1,"ancient_elements:cloud":1,"minecraft:tall_grass":1,"minecraft:copper_ore":2,"minecraft:orange_carpet":1,"minecraft:chiseled_stone_bricks":1,"minecraft:large_fern":1,"minecraft:hay_block":2,"minecraft:magma_block":1,"minecraft:furnace":1,"minecraft:iron_ore":12,"ancient_elements:tin_ore":1,"minecraft:anvil":1,"minecraft:grass":2,"minecraft:oak_log":10,"minecraft:coal_ore":30,"minecraft:lantern":1,"minecraft:dirt":2,"ancient_elements:nocturnal_clust":1,"ancient_elements:budding_scarlet":1,"minecraft:cobweb":11,"ancient_elements:budding_nocturn":1,"minecraft:stone":35,"minecraft:stone_bricks":3,"minecraft:oak_leaves":2,"minecraft:deepslate":10}},"DataVersion":3465}