{"stats":{"minecraft:killed":{"minecraft:wolf":1,"minecraft:spider":2,"minecraft:skeleton":3,"minecraft:zombie":1},"minecraft:used":{"minecraft:diorite":11,"minecraft:stone_pickaxe":129,"minecraft:shield":22,"minecraft:wooden_pickaxe":5,"minecraft:iron_sword":69,"minecraft:torch":7,"minecraft:dirt":15,"minecraft:mutton":2,"scalinghealth:heart_crystal":2,"minecraft:crafting_table":7,"minecraft:tuff":33,"minecraft:wooden_axe":26,"minecraft:lantern":7,"minecraft:iron_axe":4,"minecraft:iron_pickaxe":132,"minecraft:iron_helmet":1,"minecraft:stone_axe":1,"minecraft:cobblestone":58,"minecraft:furnace":2,"minecraft:cobbled_deepslate":7},"minecraft:broken":{"minecraft:stone_pickaxe":1},"minecraft:custom":{"minecraft:interact_with_furnace":13,"minecraft:mob_kills":7,"minecraft:interact_with_crafting_table":13,"minecraft:leave_game":1,"minecraft:time_since_death":699,"minecraft:time_since_rest":729,"minecraft:sprint_one_cm":158241,"minecraft:damage_taken":8274,"minecraft:walk_one_cm":119056,"minecraft:damage_blocked_by_shield":1682,"minecraft:drop":12,"minecraft:damage_dealt":3131,"minecraft:talked_to_villager":1,"minecraft:swim_one_cm":11603,"minecraft:fly_one_cm":157793,"minecraft:open_chest":6,"minecraft:crouch_one_cm":2211,"minecraft:play_time":55501,"minecraft:deaths":27,"minecraft:sneak_time":1070,"minecraft:walk_under_water_one_cm":6072,"minecraft:jump":941,"minecraft:walk_on_water_one_cm":2942,"minecraft:total_world_time":55501,"minecraft:fall_one_cm":19359},"minecraft:mined":{"minecraft:tuff":33,"minecraft:crafting_table":6,"minecraft:clay":6,"minecraft:torch":5,"minecraft:granite":7,"minecraft:grass_block":1,"minecraft:cobblestone":1,"minecraft:copper_ore":3,"minecraft:lapis_ore":5,"minecraft:diorite":12,"minecraft:wall_torch":2,"minecraft:large_fern":1,"minecraft:furnace":2,"minecraft:iron_ore":9,"minecraft:sweet_berry_bush":1,"minecraft:spruce_log":24,"minecraft:andesite":3,"minecraft:grass":3,"minecraft:coal_ore":40,"minecraft:deepslate_iron_ore":8,"minecraft:lantern":6,"minecraft:dirt":15,"minecraft:stone":71,"minecraft:deepslate":55,"minecraft:fern":1},"minecraft:dropped":{"minecraft:iron_sword":1,"minecraft:rotten_flesh":1,"minecraft:dirt":4,"minecraft:stone_pickaxe":1,"minecraft:spruce_sapling":5},"minecraft:crafted":{"minecraft:iron_nugget":9,"minecraft:crafting_table":1,"minecraft:spruce_planks":88,"minecraft:iron_helmet":1,"minecraft:wooden_pickaxe":1,"minecraft:iron_sword":1,"minecraft:furnace":1,"minecraft:stone_axe":1,"minecraft:lantern":1,"minecraft:shield":1,"minecraft:iron_axe":1,"minecraft:stick":12,"minecraft:iron_ingot":17,"minecraft:iron_pickaxe":1,"minecraft:stone_pickaxe":1,"minecraft:wooden_axe":1,"minecraft:torch":4},"minecraft:picked_up":{"minecraft:crafting_table":7,"minecraft:clay_ball":24,"minecraft:andesite":3,"minecraft:tuff":33,"scalinghealth:heart_crystal":2,"minecraft:lapis_lazuli":27,"minecraft:string":3,"minecraft:dirt":19,"minecraft:lantern":6,"minecraft:raw_copper":9,"minecraft:bone":5,"minecraft:bow":2,"minecraft:gold_nugget":42,"minecraft:wheat_seeds":3,"minecraft:cobbled_deepslate":55,"minecraft:stone_pickaxe":1,"minecraft:iron_sword":1,"minecraft:furnace":2,"minecraft:stick":2,"minecraft:raw_iron":17,"minecraft:sweet_berries":3,"minecraft:torch":7,"minecraft:spruce_sapling":5,"minecraft:diorite":12,"minecraft:spruce_log":22,"minecraft:arrow":6,"minecraft:rotten_flesh":2,"minecraft:granite":7,"minecraft:mutton":2,"minecraft:coal":41,"minecraft:cobblestone":68},"minecraft:killed_by":{"royalvariations:royal_skeleton":1,"minecraft:skeleton":2,"minecraft:spider":2,"alexsmobs:grizzly_bear":2,"creeperoverhaul:spruce_creeper":1,"iceandfire:fire_dragon":16}},"DataVersion":3465}