{"stats":{"minecraft:picked_up":{"minecraft:birch_log":6,"minecraft:crafting_table":4,"minecraft:andesite":13,"minecraft:oak_log":3,"minecraft:dirt":16,"minecraft:raw_copper":10,"minecraft:cobbled_deepslate":71,"minecraft:birch_sapling":2,"minecraft:coal":12,"minecraft:cobblestone":90},"minecraft:broken":{"minecraft:stone_pickaxe":1},"minecraft:used":{"minecraft:wooden_axe":10,"minecraft:stone_pickaxe":155,"minecraft:wooden_pickaxe":36,"minecraft:dirt":4,"minecraft:cobblestone":2,"minecraft:crafting_table":4},"minecraft:mined":{"minecraft:birch_log":6,"minecraft:andesite":13,"minecraft:crafting_table":4,"minecraft:oak_log":3,"minecraft:grass_block":4,"minecraft:coal_ore":12,"minecraft:dirt":12,"minecraft:copper_ore":3,"minecraft:stone":91,"minecraft:deepslate":71},"minecraft:custom":{"minecraft:time_since_rest":158,"minecraft:sprint_one_cm":1269,"minecraft:damage_taken":513,"minecraft:walk_one_cm":12023,"minecraft:drop":1,"minecraft:damage_dealt":23,"minecraft:interact_with_crafting_table":4,"minecraft:fly_one_cm":1822,"minecraft:play_time":14677,"minecraft:deaths":3,"minecraft:jump":54,"minecraft:leave_game":1,"minecraft:time_since_death":128,"minecraft:total_world_time":14677,"minecraft:fall_one_cm":1016},"minecraft:dropped":{"minecraft:birch_sapling":1},"minecraft:crafted":{"minecraft:oak_planks":12,"minecraft:crafting_table":1,"minecraft:stick":12,"minecraft:wooden_pickaxe":1,"minecraft:stone_pickaxe":2,"minecraft:wooden_axe":1,"minecraft:birch_planks":24},"minecraft:killed_by":{"minecraft:zombie":1}},"DataVersion":3465}