{"stats":{"minecraft:picked_up":{"minecraft:wooden_axe":1,"minecraft:birch_log":6,"minecraft:crafting_table":10,"minecraft:andesite":38,"minecraft:tuff":23,"minecraft:oak_log":8,"minecraft:red_bed":1,"minecraft:dirt":34,"minecraft:raw_copper":21,"minecraft:cobbled_deepslate":271,"minecraft:birch_sapling":2,"minecraft:furnace":2,"minecraft:raw_iron":9,"minecraft:birch_boat":1,"minecraft:torch":9,"minecraft:diorite":14,"minecraft:rotten_flesh":1,"minecraft:diamond":8,"minecraft:granite":9,"minecraft:oak_sapling":2,"minecraft:coal":31,"minecraft:cobblestone":194,"minecraft:diamond_pickaxe":1},"minecraft:broken":{"minecraft:stone_pickaxe":2},"minecraft:used":{"minecraft:diorite":5,"minecraft:stone_pickaxe":332,"minecraft:shield":1,"minecraft:birch_boat":1,"minecraft:wooden_pickaxe":36,"minecraft:torch":15,"minecraft:dirt":19,"minecraft:crafting_table":10,"minecraft:diamond_helmet":1,"minecraft:tuff":23,"minecraft:wooden_axe":21,"minecraft:diamond_pickaxe":203,"minecraft:iron_pickaxe":21,"minecraft:cobblestone":116,"minecraft:furnace":2,"alexsmobs:animal_dictionary":1,"minecraft:cobbled_deepslate":120},"minecraft:mined":{"minecraft:tuff":23,"minecraft:red_bed":1,"minecraft:deepslate_diamond_ore":8,"minecraft:crafting_table":10,"minecraft:torch":1,"minecraft:granite":9,"minecraft:grass_block":8,"minecraft:copper_ore":6,"minecraft:cobblestone":1,"minecraft:diorite":14,"minecraft:wall_torch":7,"minecraft:furnace":2,"minecraft:birch_log":6,"minecraft:iron_ore":2,"minecraft:cobbled_deepslate":2,"minecraft:andesite":38,"minecraft:coal_ore":17,"minecraft:oak_log":8,"minecraft:deepslate_iron_ore":7,"minecraft:dirt":26,"minecraft:stone":187,"minecraft:oak_leaves":2,"minecraft:deepslate":270},"minecraft:custom":{"minecraft:interact_with_furnace":4,"minecraft:interact_with_crafting_table":14,"minecraft:leave_game":1,"minecraft:time_since_death":1506,"minecraft:time_since_rest":1532,"minecraft:sprint_one_cm":75197,"minecraft:damage_taken":2533,"minecraft:walk_one_cm":53726,"minecraft:drop":5,"minecraft:damage_dealt":23,"minecraft:swim_one_cm":47721,"minecraft:fly_one_cm":57404,"minecraft:open_chest":2,"minecraft:play_time":50677,"minecraft:deaths":8,"minecraft:sneak_time":43,"minecraft:walk_under_water_one_cm":5002,"minecraft:boat_one_cm":44325,"minecraft:jump":640,"minecraft:walk_on_water_one_cm":7367,"minecraft:total_world_time":50677,"minecraft:fall_one_cm":26373},"minecraft:dropped":{"minecraft:birch_sapling":2,"minecraft:diamond_pickaxe":1,"minecraft:wooden_axe":1,"minecraft:wooden_pickaxe":1},"minecraft:crafted":{"minecraft:oak_planks":12,"minecraft:crafting_table":1,"minecraft:wooden_pickaxe":1,"minecraft:birch_boat":1,"minecraft:iron_sword":1,"minecraft:furnace":1,"minecraft:birch_planks":24,"dungeonsweaponry:dagger":1,"minecraft:diamond_helmet":1,"minecraft:diamond_pickaxe":1,"minecraft:shield":1,"minecraft:stick":20,"minecraft:iron_ingot":7,"minecraft:iron_pickaxe":1,"minecraft:stone_pickaxe":3,"minecraft:wooden_axe":1,"minecraft:torch":8},"minecraft:killed_by":{"minecraft:skeleton":1,"minecraft:zombie":2}},"DataVersion":3465}