{"stats":{"minecraft:killed":{"minecraft:spider":2,"minecraft:skeleton":2,"minecraft:zombie":1},"minecraft:used":{"minecraft:diorite":11,"minecraft:stone_pickaxe":129,"minecraft:shield":15,"minecraft:wooden_pickaxe":5,"minecraft:iron_sword":52,"minecraft:torch":7,"scalinghealth:heart_crystal":2,"minecraft:crafting_table":7,"minecraft:wooden_axe":26,"minecraft:lantern":6,"minecraft:iron_axe":4,"minecraft:iron_pickaxe":131,"minecraft:iron_helmet":1,"minecraft:stone_axe":1,"minecraft:cobblestone":58,"minecraft:furnace":2},"minecraft:broken":{"minecraft:stone_pickaxe":1},"minecraft:custom":{"minecraft:interact_with_furnace":13,"minecraft:mob_kills":5,"minecraft:interact_with_crafting_table":13,"minecraft:leave_game":1,"minecraft:time_since_death":1929,"minecraft:time_since_rest":1955,"minecraft:sprint_one_cm":104356,"minecraft:damage_taken":5946,"minecraft:walk_one_cm":84188,"minecraft:damage_blocked_by_shield":1127,"minecraft:drop":11,"minecraft:damage_dealt":2497,"minecraft:swim_one_cm":6332,"minecraft:fly_one_cm":98505,"minecraft:open_chest":2,"minecraft:crouch_one_cm":1799,"minecraft:play_time":43501,"minecraft:deaths":20,"minecraft:sneak_time":965,"minecraft:walk_under_water_one_cm":3961,"minecraft:jump":569,"minecraft:walk_on_water_one_cm":1701,"minecraft:total_world_time":43501,"minecraft:fall_one_cm":9836},"minecraft:dropped":{"minecraft:rotten_flesh":1,"minecraft:dirt":4,"minecraft:stone_pickaxe":1,"minecraft:spruce_sapling":5},"minecraft:mined":{"minecraft:tuff":33,"minecraft:crafting_table":6,"minecraft:clay":6,"minecraft:torch":5,"minecraft:granite":7,"minecraft:grass_block":1,"minecraft:cobblestone":1,"minecraft:copper_ore":3,"minecraft:lapis_ore":5,"minecraft:diorite":12,"minecraft:wall_torch":2,"minecraft:furnace":2,"minecraft:iron_ore":9,"minecraft:sweet_berry_bush":1,"minecraft:spruce_log":24,"minecraft:andesite":3,"minecraft:coal_ore":40,"minecraft:deepslate_iron_ore":8,"minecraft:lantern":5,"minecraft:dirt":15,"minecraft:stone":71,"minecraft:deepslate":55,"minecraft:fern":1},"minecraft:crafted":{"minecraft:iron_nugget":9,"minecraft:crafting_table":1,"minecraft:spruce_planks":88,"minecraft:iron_helmet":1,"minecraft:wooden_pickaxe":1,"minecraft:iron_sword":1,"minecraft:furnace":1,"minecraft:stone_axe":1,"minecraft:lantern":1,"minecraft:shield":1,"minecraft:iron_axe":1,"minecraft:stick":12,"minecraft:iron_ingot":17,"minecraft:iron_pickaxe":1,"minecraft:stone_pickaxe":1,"minecraft:wooden_axe":1,"minecraft:torch":4},"minecraft:picked_up":{"minecraft:crafting_table":7,"minecraft:clay_ball":24,"minecraft:andesite":3,"minecraft:tuff":33,"scalinghealth:heart_crystal":2,"minecraft:lapis_lazuli":27,"minecraft:string":3,"minecraft:dirt":19,"minecraft:lantern":5,"minecraft:raw_copper":9,"minecraft:bone":4,"minecraft:bow":1,"minecraft:gold_nugget":42,"minecraft:wheat_seeds":2,"minecraft:cobbled_deepslate":55,"minecraft:stone_pickaxe":1,"minecraft:furnace":2,"minecraft:stick":2,"minecraft:raw_iron":17,"minecraft:sweet_berries":3,"minecraft:torch":7,"minecraft:spruce_sapling":5,"minecraft:diorite":12,"minecraft:spruce_log":22,"minecraft:arrow":4,"minecraft:rotten_flesh":2,"minecraft:granite":7,"minecraft:coal":41,"minecraft:cobblestone":68},"minecraft:killed_by":{"minecraft:skeleton":1,"minecraft:spider":2,"creeperoverhaul:spruce_creeper":1,"iceandfire:fire_dragon":14}},"DataVersion":3465}