{"stats":{"minecraft:picked_up":{"minecraft:wooden_axe":1,"minecraft:birch_log":6,"minecraft:crafting_table":10,"minecraft:sandstone_slab":1,"minecraft:andesite":83,"minecraft:tuff":48,"minecraft:oak_log":12,"minecraft:lapis_lazuli":21,"minecraft:map":1,"minecraft:dirt":65,"minecraft:string":1,"minecraft:red_bed":4,"minecraft:raw_copper":34,"minecraft:bone":2,"minecraft:wheat_seeds":2,"minecraft:cobbled_deepslate":538,"minecraft:iron_ingot":2,"minecraft:oak_boat":2,"minecraft:cobblestone_slab":1,"minecraft:birch_sapling":2,"minecraft:furnace":3,"minecraft:raw_iron":15,"minecraft:sandstone":2,"minecraft:birch_boat":3,"minecraft:torch":18,"minecraft:gravel":5,"minecraft:sand":1,"minecraft:diorite":43,"minecraft:redstone":19,"minecraft:arrow":2,"minecraft:rotten_flesh":2,"minecraft:diamond":9,"minecraft:granite":46,"minecraft:oak_sapling":9,"minecraft:obsidian":6,"minecraft:coal":35,"minecraft:cobblestone":329,"minecraft:diamond_pickaxe":1},"minecraft:broken":{"minecraft:stone_pickaxe":2},"minecraft:used":{"minecraft:water_bucket":7,"minecraft:diorite":5,"minecraft:stone_pickaxe":334,"minecraft:oak_planks":3,"minecraft:wooden_pickaxe":36,"minecraft:birch_boat":3,"minecraft:shield":21,"minecraft:iron_sword":15,"minecraft:torch":61,"minecraft:dirt":19,"minecraft:crafting_table":13,"minecraft:red_bed":2,"minecraft:diamond_helmet":1,"minecraft:tuff":23,"minecraft:wooden_axe":35,"minecraft:diamond_pickaxe":973,"minecraft:iron_pickaxe":21,"minecraft:cobblestone":195,"minecraft:furnace":4,"minecraft:bucket":8,"minecraft:oak_boat":3,"alexsmobs:animal_dictionary":1,"minecraft:cobbled_deepslate":286},"minecraft:killed":{"minecraft:spider":1,"minecraft:skeleton":1},"minecraft:mined":{"minecraft:deepslate_redstone_ore":10,"minecraft:sandstone_slab":1,"minecraft:tuff":66,"minecraft:red_bed":3,"minecraft:deepslate_diamond_ore":9,"minecraft:obsidian":5,"minecraft:torch":2,"minecraft:crafting_table":10,"minecraft:granite":25,"minecraft:grass_block":20,"minecraft:copper_ore":10,"minecraft:cobblestone":1,"minecraft:lapis_ore":2,"minecraft:deepslate_gold_ore":3,"minecraft:diorite":29,"minecraft:sandstone":2,"minecraft:wall_torch":15,"minecraft:sandstone_stairs":1,"minecraft:furnace":4,"minecraft:birch_log":6,"minecraft:iron_ore":6,"minecraft:cobbled_deepslate":5,"minecraft:andesite":84,"minecraft:deepslate_lapis_ore":2,"minecraft:grass":3,"minecraft:oak_log":18,"minecraft:coal_ore":18,"minecraft:cobblestone_slab":1,"minecraft:deepslate_iron_ore":8,"minecraft:sand":1,"minecraft:gravel":7,"minecraft:dirt":48,"minecraft:stone":359,"minecraft:mossy_stone_bricks":1,"minecraft:podzol":1,"minecraft:oak_leaves":4,"minecraft:deepslate":688,"minecraft:fern":1},"minecraft:custom":{"minecraft:interact_with_furnace":24,"minecraft:mob_kills":3,"minecraft:interact_with_crafting_table":19,"minecraft:leave_game":4,"minecraft:time_since_death":4149,"minecraft:sleep_in_bed":2,"minecraft:time_since_rest":4192,"minecraft:sprint_one_cm":223167,"minecraft:damage_taken":7218,"minecraft:walk_one_cm":191866,"minecraft:damage_blocked_by_shield":1183,"minecraft:drop":50,"minecraft:damage_dealt":675,"minecraft:swim_one_cm":84106,"minecraft:fly_one_cm":175643,"minecraft:open_chest":6,"minecraft:crouch_one_cm":1085,"minecraft:play_time":131635,"minecraft:deaths":22,"minecraft:sneak_time":399,"minecraft:walk_under_water_one_cm":15765,"minecraft:boat_one_cm":432479,"minecraft:jump":1861,"minecraft:walk_on_water_one_cm":48482,"minecraft:total_world_time":131635,"minecraft:fall_one_cm":56598},"minecraft:crafted":{"minecraft:oak_planks":28,"minecraft:crafting_table":3,"minecraft:birch_boat":1,"minecraft:wooden_pickaxe":1,"minecraft:iron_sword":1,"minecraft:furnace":2,"minecraft:bucket":1,"minecraft:birch_planks":24,"minecraft:oak_boat":1,"dungeonsweaponry:dagger":1,"minecraft:diamond_helmet":1,"minecraft:diamond_pickaxe":1,"minecraft:shield":1,"minecraft:stick":28,"minecraft:iron_ingot":12,"minecraft:iron_pickaxe":1,"minecraft:stone_pickaxe":3,"minecraft:wooden_axe":1,"minecraft:torch":48,"ancient_elements:obsidian_ingot":3},"minecraft:dropped":{"minecraft:gravel":5,"minecraft:wheat_seeds":1,"minecraft:oak_log":5,"minecraft:cobbled_deepslate":1,"minecraft:sandstone_slab":1,"minecraft:tuff":25,"minecraft:birch_sapling":2,"minecraft:rotten_flesh":1,"minecraft:cobblestone":64,"minecraft:granite":46,"minecraft:coal":2,"minecraft:diorite":38,"minecraft:diamond_pickaxe":1,"minecraft:andesite":19,"minecraft:wooden_axe":1,"minecraft:oak_sapling":9,"minecraft:map":1,"minecraft:sand":1,"minecraft:wooden_pickaxe":1,"minecraft:paper":4,"minecraft:string":1,"minecraft:water_bucket":1,"minecraft:redstone":19},"minecraft:killed_by":{"minecraft:husk":1,"minecraft:skeleton":1,"minecraft:creeper":2,"minecraft:spider":1,"minecraft:guardian":1,"iceandfire:siren":1,"minecraft:zombie":6}},"DataVersion":3465}