{"stats":{"minecraft:picked_up":{"minecraft:wooden_axe":1,"minecraft:birch_log":6,"minecraft:crafting_table":10,"minecraft:andesite":53,"minecraft:tuff":28,"minecraft:oak_log":8,"minecraft:map":1,"minecraft:red_bed":1,"minecraft:dirt":45,"minecraft:raw_copper":21,"minecraft:bone":2,"minecraft:cobbled_deepslate":360,"minecraft:birch_sapling":2,"minecraft:furnace":2,"minecraft:raw_iron":13,"minecraft:birch_boat":1,"minecraft:torch":11,"minecraft:gravel":5,"minecraft:diorite":43,"minecraft:redstone":19,"minecraft:arrow":2,"minecraft:rotten_flesh":1,"minecraft:diamond":9,"minecraft:granite":9,"minecraft:oak_sapling":2,"minecraft:coal":31,"minecraft:cobblestone":225,"minecraft:diamond_pickaxe":1},"minecraft:broken":{"minecraft:stone_pickaxe":2},"minecraft:used":{"minecraft:diorite":5,"minecraft:stone_pickaxe":332,"minecraft:shield":5,"minecraft:birch_boat":1,"minecraft:wooden_pickaxe":36,"minecraft:iron_sword":4,"minecraft:torch":33,"minecraft:dirt":19,"minecraft:crafting_table":10,"minecraft:diamond_helmet":1,"minecraft:tuff":23,"minecraft:wooden_axe":21,"minecraft:diamond_pickaxe":408,"minecraft:iron_pickaxe":21,"minecraft:cobblestone":119,"minecraft:furnace":2,"alexsmobs:animal_dictionary":1,"minecraft:cobbled_deepslate":151},"minecraft:killed":{"minecraft:skeleton":1},"minecraft:mined":{"minecraft:deepslate_redstone_ore":4,"minecraft:tuff":47,"minecraft:red_bed":1,"minecraft:deepslate_diamond_ore":9,"minecraft:crafting_table":10,"minecraft:torch":1,"minecraft:granite":9,"minecraft:grass_block":10,"minecraft:copper_ore":6,"minecraft:cobblestone":1,"minecraft:deepslate_gold_ore":3,"minecraft:diorite":24,"minecraft:wall_torch":9,"minecraft:furnace":2,"minecraft:birch_log":6,"minecraft:iron_ore":6,"minecraft:cobbled_deepslate":2,"minecraft:andesite":53,"minecraft:coal_ore":17,"minecraft:oak_log":8,"minecraft:deepslate_iron_ore":7,"minecraft:gravel":5,"minecraft:dirt":35,"minecraft:stone":218,"minecraft:oak_leaves":2,"minecraft:deepslate":378},"minecraft:custom":{"minecraft:interact_with_furnace":4,"minecraft:mob_kills":1,"minecraft:interact_with_crafting_table":14,"minecraft:leave_game":1,"minecraft:time_since_death":10296,"minecraft:time_since_rest":10325,"minecraft:sprint_one_cm":98293,"minecraft:damage_blocked_by_shield":255,"minecraft:damage_taken":3069,"minecraft:walk_one_cm":74225,"minecraft:drop":12,"minecraft:damage_dealt":251,"minecraft:swim_one_cm":47721,"minecraft:fly_one_cm":63564,"minecraft:open_chest":2,"minecraft:play_time":62677,"minecraft:deaths":10,"minecraft:sneak_time":48,"minecraft:walk_under_water_one_cm":5280,"minecraft:boat_one_cm":44325,"minecraft:jump":781,"minecraft:walk_on_water_one_cm":10928,"minecraft:total_world_time":62677,"minecraft:fall_one_cm":29475},"minecraft:crafted":{"minecraft:oak_planks":12,"minecraft:crafting_table":1,"minecraft:wooden_pickaxe":1,"minecraft:birch_boat":1,"minecraft:iron_sword":1,"minecraft:furnace":1,"minecraft:birch_planks":24,"dungeonsweaponry:dagger":1,"minecraft:diamond_helmet":1,"minecraft:diamond_pickaxe":1,"minecraft:shield":1,"minecraft:stick":20,"minecraft:iron_ingot":7,"minecraft:iron_pickaxe":1,"minecraft:stone_pickaxe":3,"minecraft:wooden_axe":1,"minecraft:torch":16},"minecraft:dropped":{"minecraft:gravel":5,"minecraft:cobbled_deepslate":1,"minecraft:tuff":5,"minecraft:birch_sapling":2,"minecraft:rotten_flesh":1,"minecraft:diorite":38,"minecraft:diamond_pickaxe":1,"minecraft:wooden_axe":1,"minecraft:map":1,"minecraft:wooden_pickaxe":1},"minecraft:killed_by":{"minecraft:husk":1,"minecraft:skeleton":1,"minecraft:zombie":2}},"DataVersion":3465}