{"stats":{"minecraft:killed_by":{"minecraft:player":7,"royalvariations:royal_skeleton":1,"minecraft:creeper":1,"minecraft:spider":1,"minecraft:skeleton":8,"minecraft:zombie":7,"ancient_elements:verdant_viridium_crystal_slime":1,"iceandfire:ghost":3},"minecraft:broken":{"minecraft:golden_helmet":1},"minecraft:custom":{"minecraft:interact_with_anvil":1,"minecraft:mob_kills":13,"minecraft:interact_with_crafting_table":28,"minecraft:open_barrel":4,"minecraft:damage_dealt_resisted":10,"minecraft:leave_game":10,"minecraft:time_since_death":2137,"minecraft:climb_one_cm":2650,"minecraft:sprint_one_cm":326001,"minecraft:walk_one_cm":418908,"minecraft:damage_blocked_by_shield":2410,"minecraft:drop":38,"minecraft:talked_to_villager":2,"minecraft:play_time":173806,"minecraft:deaths":39,"minecraft:sneak_time":2411,"minecraft:walk_under_water_one_cm":35250,"minecraft:jump":2641,"minecraft:walk_on_water_one_cm":33789,"minecraft:total_world_time":173806,"minecraft:interact_with_furnace":24,"minecraft:traded_with_villager":1,"minecraft:sleep_in_bed":2,"minecraft:time_since_rest":2168,"minecraft:damage_taken":14769,"minecraft:trigger_trapped_chest":1,"minecraft:damage_dealt":3798,"minecraft:player_kills":5,"minecraft:swim_one_cm":40374,"minecraft:fly_one_cm":775844,"minecraft:open_chest":18,"minecraft:crouch_one_cm":1464,"minecraft:fall_one_cm":89916},"minecraft:used":{"minecraft:stone_sword":35,"minecraft:acacia_log":1,"minecraft:flint_and_steel":2,"minecraft:shield":32,"minecraft:iron_sword":63,"minecraft:iron_chestplate":1,"minecraft:torch":1,"minecraft:dirt":5,"minecraft:anvil":1,"minecraft:white_carpet":2,"minecraft:golden_shovel":12,"ancient_elements:cloud":1,"ancient_elements:stone_hammer":7,"minecraft:iron_helmet":1,"minecraft:stone_bricks":8,"minecraft:deepslate_diamond_ore":2,"minecraft:hay_block":1,"minecraft:furnace":2,"minecraft:potato":2,"minecraft:cobbled_deepslate":102,"minecraft:mossy_stone_bricks":4,"minecraft:stone_pickaxe":59,"minecraft:baked_potato":3,"minecraft:oak_planks":20,"minecraft:wooden_pickaxe":5,"iceandfire:dragon_skull_lightning":1,"minecraft:cracked_stone_bricks":2,"minecraft:tnt":2,"minecraft:crafting_table":9,"minecraft:sculk_shrieker":12,"minecraft:diamond_pickaxe":1,"minecraft:bread":7,"minecraft:iron_pickaxe":407,"minecraft:stone_axe":19,"minecraft:cobblestone":27,"minecraft:potion":1,"alexsmobs:animal_dictionary":2},"minecraft:dropped":{"minecraft:golden_boots":3,"minecraft:wheat_seeds":8,"minecraft:baked_potato":2,"minecraft:tnt":1,"minecraft:glass_bottle":1,"minecraft:crafting_table":1,"minecraft:iron_helmet":1,"minecraft:cobblestone":1,"minecraft:lead":1,"ancient_elements:scarlet_shard":9,"minecraft:cobweb":7,"minecraft:orange_carpet":2,"minecraft:iron_pickaxe":4,"ancient_elements:aetherium_smithing_template":1,"minecraft:string":1,"minecraft:bone":8,"minecraft:smooth_basalt":1,"minecraft:gravel":6,"alexsmobs:animal_dictionary":1,"minecraft:raw_iron":1,"ancient_elements:nocturnal_shard":3,"blue_skies:moonstone_shard":4,"minecraft:diamond_pickaxe":1,"minecraft:golden_leggings":1,"minecraft:oak_sapling":1,"minecraft:stone_bricks":1,"minecraft:arrow":1,"minecraft:wooden_pickaxe":1,"minecraft:stone_pickaxe":1},"minecraft:mined":{"create:zinc_ore":4,"create:deepslate_zinc_ore":1,"minecraft:tuff":7,"ancient_elements:lead_ore":2,"minecraft:deepslate_diamond_ore":2,"minecraft:granite":4,"minecraft:acacia_log":1,"minecraft:grass_block":5,"minecraft:redstone_wire":2,"ancient_elements:scarlet_clust":3,"minecraft:chiseled_stone_bricks":1,"minecraft:spawner":1,"minecraft:large_fern":1,"minecraft:hay_block":2,"minecraft:magma_block":1,"ancient_elements:topaz_clust":1,"ancient_elements:topaz_crystal_block":1,"minecraft:furnace":1,"minecraft:iron_ore":29,"minecraft:cobbled_deepslate":7,"minecraft:fire":5,"ancient_elements:tin_ore":1,"minecraft:deepslate_lapis_ore":2,"minecraft:anvil":2,"minecraft:pointed_dripstone":1,"minecraft:deepslate_iron_ore":9,"minecraft:lantern":1,"ancient_elements:budding_nocturn":1,"minecraft:stone":115,"ancient_elements:deepslate_lead_ore":1,"minecraft:deepslate_redstone_ore":7,"deep_dark_regrowth:sculk_ribs":1,"minecraft:oak_fence":4,"minecraft:crafting_table":7,"minecraft:torch":1,"minecraft:calcite":2,"ancient_elements:deepslate_tin_ore":7,"ancient_elements:cloud":1,"minecraft:tall_grass":1,"minecraft:copper_ore":6,"deep_dark_regrowth:overloaded_sculk":4,"minecraft:oak_planks":2,"minecraft:sculk":36,"minecraft:diorite":18,"minecraft:orange_carpet":1,"minecraft:amethyst_block":3,"minecraft:coarse_dirt":2,"minecraft:tnt":3,"minecraft:grass":4,"minecraft:oak_log":14,"minecraft:coal_ore":32,"minecraft:gravel":16,"minecraft:dirt":2,"ancient_elements:nocturnal_clust":1,"ancient_elements:budding_scarlet":2,"minecraft:cobweb":11,"minecraft:cracked_stone_bricks":2,"minecraft:smooth_basalt":14,"minecraft:stone_bricks":9,"minecraft:mossy_stone_bricks":4,"minecraft:oak_leaves":2,"minecraft:deepslate":91},"minecraft:killed":{"minecraft:spider":1,"minecraft:skeleton":6,"minecraft:horse":1,"minecraft:bat":1,"majruszsdifficulty:cursed_armor":1,"royalvariations:royal_zombie":1,"minecraft:zombie":2},"minecraft:picked_up":{"iceandfire:dragon_skull_lightning":5,"minecraft:crafting_table":10,"minecraft:anvil":2,"ancient_elements:cloud":1,"minecraft:wooden_pickaxe":2,"ancient_elements:aetherium_smithing_template":1,"minecraft:string":12,"minecraft:raw_copper":19,"minecraft:white_carpet":2,"minecraft:cracked_stone_bricks":2,"minecraft:cobbled_deepslate":135,"minecraft:iron_pickaxe":2,"minecraft:furnace":1,"minecraft:stick":1,"minecraft:raw_iron":34,"iceandfire:dragonbone":61,"minecraft:oak_fence":8,"minecraft:torch":1,"minecraft:acacia_log":1,"ancient_elements:raw_tin":4,"minecraft:redstone":25,"ancient_elements:nocturnal_shard":6,"minecraft:tnt":3,"minecraft:arrow":4,"minecraft:rotten_flesh":5,"minecraft:hay_block":1,"blue_skies:moonstone_shard":1,"minecraft:cobblestone":178,"minecraft:orange_carpet":4,"minecraft:leather":1,"minecraft:golden_leggings":1,"minecraft:potato":2,"minecraft:flint":4,"minecraft:oak_log":20,"minecraft:golden_boots":2,"minecraft:lapis_lazuli":16,"minecraft:dirt":7,"minecraft:lantern":1,"minecraft:bone":2,"minecraft:stone_bricks":9,"minecraft:wheat_seeds":16,"minecraft:iron_ingot":1,"minecraft:stone_pickaxe":1,"minecraft:mossy_stone_bricks":4,"minecraft:glass_bottle":1,"minecraft:oak_planks":2,"minecraft:smooth_basalt":1,"ancient_elements:scarlet_shard":18,"minecraft:gravel":7,"alexsmobs:animal_dictionary":1,"minecraft:spider_eye":1,"minecraft:diamond":2,"minecraft:stone_axe":1,"minecraft:oak_sapling":2,"minecraft:coal":44},"minecraft:crafted":{"minecraft:oak_planks":56,"minecraft:furnace":1,"minecraft:flint_and_steel":1,"sophisticatedbackpacks:copper_backpack":1,"minecraft:stone_pickaxe":1,"minecraft:chest":1,"sophisticatedbackpacks:iron_backpack":2,"blue_skies:blue_journal":1,"sophisticatedbackpacks:backpack":1,"minecraft:crafting_table":1,"minecraft:wooden_pickaxe":2,"minecraft:iron_helmet":1,"minecraft:iron_sword":1,"minecraft:copper_ingot":8,"minecraft:stone_axe":1,"minecraft:iron_chestplate":1,"minecraft:shield":2,"minecraft:stick":12,"minecraft:iron_ingot":15,"minecraft:iron_pickaxe":1,"minecraft:stone_sword":1,"ancient_elements:stone_hammer":1}},"DataVersion":3465}