{"stats":{"minecraft:killed":{"minecraft:spider":1,"minecraft:skeleton":2,"minecraft:horse":1,"royalvariations:royal_zombie":1,"minecraft:zombie":1},"minecraft:used":{"minecraft:stone_sword":35,"minecraft:acacia_log":1,"minecraft:stone_pickaxe":59,"minecraft:baked_potato":3,"minecraft:oak_planks":18,"minecraft:shield":10,"minecraft:wooden_pickaxe":5,"minecraft:iron_sword":13,"iceandfire:dragon_skull_lightning":1,"minecraft:dirt":4,"minecraft:white_carpet":2,"minecraft:crafting_table":6,"minecraft:diamond_pickaxe":1,"minecraft:iron_pickaxe":30,"minecraft:iron_helmet":1,"minecraft:stone_axe":10,"minecraft:hay_block":1,"minecraft:furnace":1,"alexsmobs:animal_dictionary":2,"minecraft:potato":2},"minecraft:killed_by":{"minecraft:skeleton":6,"minecraft:creeper":1,"minecraft:zombie":2,"iceandfire:ghost":3},"minecraft:crafted":{"blue_skies:blue_journal":1,"minecraft:oak_planks":40,"minecraft:crafting_table":1,"minecraft:wooden_pickaxe":2,"minecraft:iron_helmet":1,"minecraft:iron_sword":1,"minecraft:furnace":1,"minecraft:stone_axe":1,"minecraft:shield":1,"minecraft:stick":12,"minecraft:iron_ingot":10,"minecraft:iron_pickaxe":1,"minecraft:stone_pickaxe":1,"minecraft:stone_sword":1},"minecraft:picked_up":{"iceandfire:dragon_skull_lightning":5,"minecraft:crafting_table":7,"minecraft:orange_carpet":2,"minecraft:leather":1,"ancient_elements:cloud":1,"minecraft:wooden_pickaxe":2,"minecraft:potato":2,"minecraft:oak_log":16,"minecraft:string":11,"minecraft:dirt":6,"minecraft:raw_copper":4,"minecraft:white_carpet":2,"minecraft:bone":2,"minecraft:stone_bricks":2,"minecraft:wheat_seeds":8,"minecraft:iron_ingot":1,"minecraft:stone_pickaxe":1,"minecraft:oak_planks":2,"minecraft:furnace":1,"minecraft:raw_iron":11,"iceandfire:dragonbone":61,"minecraft:acacia_log":1,"ancient_elements:raw_tin":1,"alexsmobs:animal_dictionary":1,"minecraft:spider_eye":1,"minecraft:arrow":4,"minecraft:rotten_flesh":5,"minecraft:stone_axe":1,"minecraft:hay_block":1,"minecraft:oak_sapling":2,"minecraft:coal":43,"minecraft:cobblestone":35},"minecraft:dropped":{"minecraft:diamond_pickaxe":1,"minecraft:wooden_pickaxe":1,"minecraft:bone":1},"minecraft:custom":{"minecraft:interact_with_furnace":7,"minecraft:mob_kills":6,"minecraft:traded_with_villager":1,"minecraft:interact_with_crafting_table":11,"minecraft:open_barrel":2,"minecraft:damage_dealt_resisted":10,"minecraft:time_since_death":1803,"minecraft:sleep_in_bed":1,"minecraft:climb_one_cm":370,"minecraft:time_since_rest":1829,"minecraft:sprint_one_cm":148046,"minecraft:damage_taken":4726,"minecraft:walk_one_cm":151685,"minecraft:damage_blocked_by_shield":377,"minecraft:trigger_trapped_chest":1,"minecraft:drop":3,"minecraft:damage_dealt":1522,"minecraft:talked_to_villager":2,"minecraft:swim_one_cm":8764,"minecraft:fly_one_cm":255092,"minecraft:open_chest":7,"minecraft:crouch_one_cm":152,"minecraft:play_time":50296,"minecraft:deaths":15,"minecraft:sneak_time":607,"minecraft:walk_under_water_one_cm":5912,"minecraft:jump":1065,"minecraft:walk_on_water_one_cm":9180,"minecraft:total_world_time":50296,"minecraft:fall_one_cm":33173},"minecraft:mined":{"create:zinc_ore":4,"minecraft:crafting_table":6,"minecraft:acacia_log":1,"minecraft:grass_block":4,"ancient_elements:cloud":1,"minecraft:tall_grass":1,"minecraft:copper_ore":2,"minecraft:orange_carpet":1,"minecraft:large_fern":1,"minecraft:hay_block":2,"minecraft:furnace":1,"minecraft:iron_ore":11,"ancient_elements:tin_ore":1,"minecraft:grass":2,"minecraft:coal_ore":30,"minecraft:oak_log":10,"minecraft:cobweb":11,"minecraft:stone_bricks":2,"minecraft:stone":30,"minecraft:oak_leaves":2}},"DataVersion":3465}