{"stats":{"minecraft:killed":{"minecraft:spider":1,"majruszsdifficulty:cursed_armor":1,"minecraft:horse":1,"minecraft:skeleton":2,"royalvariations:royal_zombie":1,"minecraft:zombie":2},"minecraft:used":{"minecraft:stone_sword":35,"minecraft:acacia_log":1,"minecraft:stone_pickaxe":59,"minecraft:baked_potato":3,"minecraft:oak_planks":18,"minecraft:wooden_pickaxe":5,"minecraft:shield":14,"minecraft:iron_sword":40,"iceandfire:dragon_skull_lightning":1,"minecraft:iron_chestplate":1,"minecraft:dirt":4,"minecraft:white_carpet":2,"minecraft:crafting_table":7,"minecraft:sculk_shrieker":11,"minecraft:golden_shovel":12,"ancient_elements:cloud":1,"minecraft:diamond_pickaxe":1,"minecraft:iron_pickaxe":178,"minecraft:iron_helmet":1,"minecraft:stone_bricks":3,"minecraft:stone_axe":19,"minecraft:cobblestone":18,"minecraft:furnace":1,"minecraft:hay_block":1,"alexsmobs:animal_dictionary":2,"minecraft:potato":2,"minecraft:cobbled_deepslate":22},"minecraft:killed_by":{"minecraft:player":1,"minecraft:skeleton":6,"minecraft:creeper":1,"minecraft:zombie":3,"ancient_elements:verdant_viridium_crystal_slime":1,"iceandfire:ghost":3},"minecraft:crafted":{"blue_skies:blue_journal":1,"minecraft:oak_planks":40,"minecraft:crafting_table":1,"minecraft:wooden_pickaxe":2,"minecraft:iron_helmet":1,"minecraft:iron_sword":1,"minecraft:furnace":1,"minecraft:stone_axe":1,"minecraft:iron_chestplate":1,"minecraft:shield":1,"minecraft:stick":12,"minecraft:iron_ingot":10,"minecraft:iron_pickaxe":1,"minecraft:stone_pickaxe":1,"minecraft:stone_sword":1},"minecraft:picked_up":{"iceandfire:dragon_skull_lightning":5,"minecraft:crafting_table":8,"minecraft:anvil":1,"minecraft:orange_carpet":4,"minecraft:leather":1,"minecraft:golden_leggings":1,"ancient_elements:cloud":1,"minecraft:wooden_pickaxe":2,"minecraft:potato":2,"minecraft:flint":4,"minecraft:oak_log":16,"minecraft:dirt":6,"minecraft:string":11,"minecraft:lantern":1,"minecraft:raw_copper":4,"minecraft:white_carpet":2,"minecraft:bone":2,"minecraft:stone_bricks":3,"minecraft:wheat_seeds":16,"minecraft:cobbled_deepslate":61,"minecraft:iron_ingot":1,"minecraft:stone_pickaxe":1,"minecraft:oak_planks":2,"minecraft:furnace":1,"minecraft:raw_iron":11,"iceandfire:dragonbone":61,"ancient_elements:scarlet_shard":9,"minecraft:oak_fence":4,"minecraft:acacia_log":1,"minecraft:gravel":7,"ancient_elements:raw_tin":2,"minecraft:spider_eye":1,"alexsmobs:animal_dictionary":1,"ancient_elements:nocturnal_shard":3,"minecraft:arrow":4,"minecraft:rotten_flesh":5,"minecraft:diamond":1,"minecraft:stone_axe":1,"minecraft:hay_block":1,"minecraft:oak_sapling":2,"minecraft:coal":43,"minecraft:cobblestone":40},"minecraft:dropped":{"minecraft:gravel":6,"minecraft:wheat_seeds":8,"minecraft:raw_iron":1,"minecraft:iron_helmet":1,"minecraft:cobweb":7,"minecraft:orange_carpet":2,"minecraft:diamond_pickaxe":1,"minecraft:golden_leggings":1,"minecraft:wooden_pickaxe":1,"minecraft:stone_pickaxe":1,"minecraft:iron_pickaxe":1,"minecraft:bone":8},"minecraft:custom":{"minecraft:interact_with_furnace":9,"minecraft:mob_kills":8,"minecraft:traded_with_villager":1,"minecraft:interact_with_crafting_table":14,"minecraft:open_barrel":2,"minecraft:damage_dealt_resisted":10,"minecraft:leave_game":4,"minecraft:time_since_death":3047,"minecraft:sleep_in_bed":1,"minecraft:climb_one_cm":1913,"minecraft:time_since_rest":3077,"minecraft:sprint_one_cm":213187,"minecraft:damage_taken":7513,"minecraft:walk_one_cm":249437,"minecraft:damage_blocked_by_shield":753,"minecraft:trigger_trapped_chest":1,"minecraft:drop":14,"minecraft:damage_dealt":2632,"minecraft:player_kills":3,"minecraft:swim_one_cm":28164,"minecraft:fly_one_cm":396562,"minecraft:talked_to_villager":2,"minecraft:open_chest":11,"minecraft:crouch_one_cm":156,"minecraft:play_time":88844,"minecraft:deaths":21,"minecraft:sneak_time":1069,"minecraft:walk_under_water_one_cm":21889,"minecraft:jump":1526,"minecraft:walk_on_water_one_cm":14669,"minecraft:total_world_time":88844,"minecraft:fall_one_cm":52460},"minecraft:mined":{"create:zinc_ore":4,"create:deepslate_zinc_ore":1,"minecraft:tuff":7,"deep_dark_regrowth:sculk_ribs":1,"minecraft:deepslate_diamond_ore":1,"minecraft:oak_fence":4,"minecraft:crafting_table":7,"minecraft:acacia_log":1,"minecraft:grass_block":4,"ancient_elements:cloud":1,"minecraft:copper_ore":2,"ancient_elements:deepslate_tin_ore":5,"minecraft:tall_grass":1,"ancient_elements:scarlet_clust":3,"deep_dark_regrowth:overloaded_sculk":4,"minecraft:oak_planks":1,"minecraft:sculk":36,"minecraft:orange_carpet":1,"minecraft:chiseled_stone_bricks":1,"minecraft:hay_block":2,"minecraft:large_fern":1,"minecraft:magma_block":1,"ancient_elements:topaz_clust":1,"ancient_elements:topaz_crystal_block":1,"minecraft:furnace":1,"minecraft:iron_ore":12,"ancient_elements:tin_ore":1,"minecraft:anvil":1,"minecraft:grass":2,"minecraft:oak_log":10,"minecraft:coal_ore":30,"minecraft:deepslate_iron_ore":2,"minecraft:lantern":1,"minecraft:gravel":14,"minecraft:dirt":2,"ancient_elements:nocturnal_clust":1,"minecraft:cobweb":11,"ancient_elements:budding_scarlet":2,"ancient_elements:budding_nocturn":1,"minecraft:stone":35,"minecraft:stone_bricks":3,"ancient_elements:deepslate_lead_ore":1,"minecraft:oak_leaves":2,"minecraft:deepslate":62}},"DataVersion":3465}