{"stats":{"minecraft:picked_up":{"minecraft:wooden_axe":1,"minecraft:birch_log":6,"minecraft:crafting_table":10,"minecraft:sandstone_slab":1,"minecraft:andesite":83,"minecraft:tuff":48,"minecraft:oak_log":9,"minecraft:lapis_lazuli":21,"minecraft:map":1,"minecraft:dirt":59,"minecraft:string":1,"minecraft:red_bed":2,"minecraft:raw_copper":34,"minecraft:bone":2,"minecraft:wheat_seeds":2,"minecraft:cobbled_deepslate":538,"minecraft:iron_ingot":2,"minecraft:birch_sapling":2,"minecraft:furnace":2,"minecraft:raw_iron":15,"minecraft:sandstone":2,"minecraft:birch_boat":3,"minecraft:torch":18,"minecraft:gravel":5,"minecraft:sand":1,"minecraft:diorite":43,"minecraft:redstone":19,"minecraft:arrow":2,"minecraft:rotten_flesh":1,"minecraft:diamond":9,"minecraft:granite":46,"minecraft:oak_sapling":8,"minecraft:obsidian":1,"minecraft:coal":34,"minecraft:cobblestone":305,"minecraft:diamond_pickaxe":1},"minecraft:broken":{"minecraft:stone_pickaxe":2},"minecraft:used":{"minecraft:water_bucket":7,"minecraft:diorite":5,"minecraft:stone_pickaxe":332,"minecraft:wooden_pickaxe":36,"minecraft:birch_boat":3,"minecraft:shield":13,"minecraft:iron_sword":12,"minecraft:torch":61,"minecraft:dirt":19,"minecraft:crafting_table":12,"minecraft:red_bed":1,"minecraft:diamond_helmet":1,"minecraft:tuff":23,"minecraft:wooden_axe":33,"minecraft:diamond_pickaxe":938,"minecraft:iron_pickaxe":21,"minecraft:cobblestone":143,"minecraft:furnace":4,"minecraft:bucket":8,"alexsmobs:animal_dictionary":1,"minecraft:cobbled_deepslate":258},"minecraft:killed":{"minecraft:spider":1,"minecraft:skeleton":1},"minecraft:mined":{"minecraft:deepslate_redstone_ore":10,"minecraft:sandstone_slab":1,"minecraft:tuff":66,"minecraft:red_bed":1,"minecraft:deepslate_diamond_ore":9,"minecraft:obsidian":1,"minecraft:torch":2,"minecraft:crafting_table":10,"minecraft:granite":25,"minecraft:grass_block":17,"minecraft:copper_ore":10,"minecraft:cobblestone":1,"minecraft:lapis_ore":2,"minecraft:deepslate_gold_ore":3,"minecraft:diorite":29,"minecraft:sandstone":2,"minecraft:wall_torch":15,"minecraft:sandstone_stairs":1,"minecraft:furnace":3,"minecraft:birch_log":6,"minecraft:iron_ore":6,"minecraft:cobbled_deepslate":5,"minecraft:andesite":84,"minecraft:deepslate_lapis_ore":2,"minecraft:grass":3,"minecraft:oak_log":18,"minecraft:coal_ore":18,"minecraft:deepslate_iron_ore":8,"minecraft:sand":1,"minecraft:gravel":7,"minecraft:dirt":46,"minecraft:stone":333,"minecraft:oak_leaves":2,"minecraft:deepslate":688},"minecraft:custom":{"minecraft:interact_with_furnace":18,"minecraft:mob_kills":3,"minecraft:interact_with_crafting_table":18,"minecraft:leave_game":4,"minecraft:time_since_death":953,"minecraft:sleep_in_bed":1,"minecraft:time_since_rest":1010,"minecraft:sprint_one_cm":192430,"minecraft:damage_taken":5657,"minecraft:walk_one_cm":151614,"minecraft:damage_blocked_by_shield":603,"minecraft:drop":44,"minecraft:damage_dealt":660,"minecraft:swim_one_cm":81890,"minecraft:fly_one_cm":143957,"minecraft:open_chest":4,"minecraft:crouch_one_cm":232,"minecraft:play_time":109245,"minecraft:deaths":18,"minecraft:sneak_time":210,"minecraft:walk_under_water_one_cm":15181,"minecraft:boat_one_cm":209426,"minecraft:jump":1462,"minecraft:walk_on_water_one_cm":36766,"minecraft:total_world_time":109245,"minecraft:fall_one_cm":42199},"minecraft:crafted":{"minecraft:oak_planks":16,"minecraft:crafting_table":2,"minecraft:birch_boat":1,"minecraft:wooden_pickaxe":1,"minecraft:iron_sword":1,"minecraft:furnace":2,"minecraft:bucket":1,"minecraft:birch_planks":24,"dungeonsweaponry:dagger":1,"minecraft:diamond_helmet":1,"minecraft:diamond_pickaxe":1,"minecraft:shield":1,"minecraft:stick":28,"minecraft:iron_ingot":12,"minecraft:iron_pickaxe":1,"minecraft:stone_pickaxe":3,"minecraft:wooden_axe":1,"minecraft:torch":48},"minecraft:dropped":{"minecraft:gravel":5,"minecraft:wheat_seeds":1,"minecraft:oak_log":5,"minecraft:cobbled_deepslate":1,"minecraft:tuff":25,"minecraft:birch_sapling":2,"minecraft:rotten_flesh":1,"minecraft:cobblestone":64,"minecraft:granite":46,"minecraft:diorite":38,"minecraft:diamond_pickaxe":1,"minecraft:wooden_axe":1,"minecraft:oak_sapling":8,"minecraft:map":1,"minecraft:sand":1,"minecraft:wooden_pickaxe":1,"minecraft:paper":4,"minecraft:string":1,"minecraft:redstone":19},"minecraft:killed_by":{"minecraft:husk":1,"minecraft:skeleton":1,"minecraft:creeper":2,"iceandfire:siren":1,"minecraft:zombie":5}},"DataVersion":3465}