{"stats":{"minecraft:picked_up":{"minecraft:birch_log":6,"minecraft:raw_iron":7,"minecraft:crafting_table":7,"minecraft:andesite":38,"minecraft:torch":7,"minecraft:tuff":23,"minecraft:oak_log":3,"minecraft:diorite":14,"minecraft:dirt":34,"minecraft:raw_copper":21,"minecraft:diamond":8,"minecraft:cobbled_deepslate":269,"minecraft:granite":9,"minecraft:birch_sapling":2,"minecraft:coal":31,"minecraft:diamond_pickaxe":1,"minecraft:furnace":1,"minecraft:cobblestone":186,"minecraft:wooden_axe":1},"minecraft:broken":{"minecraft:stone_pickaxe":2},"minecraft:used":{"minecraft:wooden_axe":12,"minecraft:diorite":5,"minecraft:diamond_pickaxe":197,"minecraft:stone_pickaxe":332,"minecraft:iron_pickaxe":21,"minecraft:wooden_pickaxe":36,"minecraft:torch":13,"minecraft:dirt":19,"minecraft:cobblestone":79,"minecraft:crafting_table":7,"minecraft:furnace":1,"minecraft:tuff":23,"minecraft:cobbled_deepslate":81},"minecraft:mined":{"minecraft:tuff":23,"minecraft:furnace":1,"minecraft:deepslate_diamond_ore":8,"minecraft:birch_log":6,"minecraft:andesite":38,"minecraft:crafting_table":7,"minecraft:granite":9,"minecraft:oak_log":3,"minecraft:grass_block":8,"minecraft:coal_ore":17,"minecraft:deepslate_iron_ore":7,"minecraft:dirt":26,"minecraft:cobblestone":1,"minecraft:copper_ore":6,"minecraft:stone":186,"minecraft:diorite":14,"minecraft:wall_torch":6,"minecraft:deepslate":270},"minecraft:custom":{"minecraft:time_since_rest":6991,"minecraft:interact_with_furnace":2,"minecraft:sprint_one_cm":41536,"minecraft:damage_taken":2297,"minecraft:walk_one_cm":33860,"minecraft:drop":4,"minecraft:damage_dealt":23,"minecraft:swim_one_cm":41302,"minecraft:interact_with_crafting_table":8,"minecraft:fly_one_cm":34237,"minecraft:play_time":38677,"minecraft:deaths":7,"minecraft:sneak_time":37,"minecraft:walk_under_water_one_cm":4900,"minecraft:jump":430,"minecraft:leave_game":1,"minecraft:walk_on_water_one_cm":4753,"minecraft:time_since_death":6964,"minecraft:total_world_time":38677,"minecraft:fall_one_cm":21632},"minecraft:dropped":{"minecraft:diamond_pickaxe":1,"minecraft:wooden_axe":1,"minecraft:birch_sapling":1,"minecraft:wooden_pickaxe":1},"minecraft:crafted":{"minecraft:oak_planks":12,"minecraft:diamond_pickaxe":1,"minecraft:crafting_table":1,"minecraft:stick":16,"minecraft:iron_pickaxe":1,"minecraft:iron_ingot":3,"minecraft:wooden_pickaxe":1,"minecraft:stone_pickaxe":3,"minecraft:wooden_axe":1,"minecraft:furnace":1,"minecraft:torch":8,"minecraft:birch_planks":24},"minecraft:killed_by":{"minecraft:skeleton":1,"minecraft:zombie":1}},"DataVersion":3465}