{"stats":{"minecraft:killed":{"minecraft:spider":1},"minecraft:used":{"minecraft:diorite":11,"minecraft:stone_pickaxe":129,"minecraft:wooden_pickaxe":5,"minecraft:shield":3,"minecraft:iron_sword":12,"minecraft:torch":6,"minecraft:crafting_table":5,"minecraft:wooden_axe":26,"minecraft:iron_axe":1,"minecraft:iron_pickaxe":124,"minecraft:stone_axe":1,"minecraft:cobblestone":58,"minecraft:furnace":1},"minecraft:broken":{"minecraft:stone_pickaxe":1},"minecraft:custom":{"minecraft:interact_with_furnace":6,"minecraft:mob_kills":1,"minecraft:interact_with_crafting_table":10,"minecraft:leave_game":1,"minecraft:time_since_death":2007,"minecraft:time_since_rest":2069,"minecraft:sprint_one_cm":63176,"minecraft:damage_taken":1145,"minecraft:walk_one_cm":51620,"minecraft:damage_blocked_by_shield":360,"minecraft:drop":10,"minecraft:damage_dealt":630,"minecraft:swim_one_cm":6332,"minecraft:fly_one_cm":54070,"minecraft:crouch_one_cm":358,"minecraft:play_time":32154,"minecraft:deaths":4,"minecraft:sneak_time":211,"minecraft:walk_under_water_one_cm":3961,"minecraft:jump":424,"minecraft:walk_on_water_one_cm":1701,"minecraft:total_world_time":32154,"minecraft:fall_one_cm":7507},"minecraft:dropped":{"minecraft:dirt":4,"minecraft:stone_pickaxe":1,"minecraft:spruce_sapling":5},"minecraft:mined":{"minecraft:tuff":33,"minecraft:crafting_table":4,"minecraft:clay":6,"minecraft:torch":4,"minecraft:granite":7,"minecraft:grass_block":1,"minecraft:copper_ore":3,"minecraft:cobblestone":1,"minecraft:lapis_ore":5,"minecraft:diorite":12,"minecraft:wall_torch":2,"minecraft:furnace":1,"minecraft:iron_ore":9,"minecraft:spruce_log":24,"minecraft:andesite":3,"minecraft:coal_ore":40,"minecraft:deepslate_iron_ore":8,"minecraft:dirt":15,"minecraft:stone":71,"minecraft:deepslate":55,"minecraft:fern":1},"minecraft:crafted":{"minecraft:crafting_table":1,"minecraft:spruce_planks":88,"minecraft:wooden_pickaxe":1,"minecraft:iron_sword":1,"minecraft:furnace":1,"minecraft:stone_axe":1,"minecraft:shield":1,"minecraft:iron_axe":1,"minecraft:stick":12,"minecraft:iron_ingot":9,"minecraft:iron_pickaxe":1,"minecraft:stone_pickaxe":1,"minecraft:wooden_axe":1,"minecraft:torch":4},"minecraft:picked_up":{"minecraft:crafting_table":5,"minecraft:clay_ball":24,"minecraft:andesite":3,"minecraft:tuff":33,"minecraft:lapis_lazuli":27,"minecraft:dirt":19,"minecraft:string":2,"minecraft:raw_copper":9,"minecraft:wheat_seeds":2,"minecraft:cobbled_deepslate":55,"minecraft:stone_pickaxe":1,"minecraft:furnace":1,"minecraft:stick":2,"minecraft:raw_iron":17,"minecraft:torch":6,"minecraft:spruce_sapling":5,"minecraft:diorite":12,"minecraft:spruce_log":22,"minecraft:granite":7,"minecraft:coal":41,"minecraft:cobblestone":68},"minecraft:killed_by":{"minecraft:spider":1,"iceandfire:fire_dragon":2}},"DataVersion":3465}