{"stats":{"minecraft:picked_up":{"minecraft:wooden_axe":1,"minecraft:birch_log":6,"minecraft:crafting_table":10,"minecraft:andesite":83,"minecraft:tuff":48,"minecraft:oak_log":8,"minecraft:dirt":51,"minecraft:lapis_lazuli":21,"minecraft:map":1,"minecraft:red_bed":2,"minecraft:string":1,"minecraft:raw_copper":34,"minecraft:bone":2,"minecraft:cobbled_deepslate":538,"minecraft:iron_ingot":2,"minecraft:birch_sapling":2,"minecraft:furnace":2,"minecraft:raw_iron":15,"minecraft:birch_boat":2,"minecraft:torch":18,"minecraft:gravel":5,"minecraft:sand":1,"minecraft:diorite":43,"minecraft:redstone":19,"minecraft:arrow":2,"minecraft:rotten_flesh":1,"minecraft:diamond":9,"minecraft:granite":46,"minecraft:oak_sapling":6,"minecraft:coal":33,"minecraft:cobblestone":294,"minecraft:diamond_pickaxe":1},"minecraft:broken":{"minecraft:stone_pickaxe":2},"minecraft:used":{"minecraft:diorite":5,"minecraft:stone_pickaxe":332,"minecraft:wooden_pickaxe":36,"minecraft:birch_boat":3,"minecraft:shield":13,"minecraft:iron_sword":9,"minecraft:torch":61,"minecraft:dirt":19,"minecraft:crafting_table":11,"minecraft:diamond_helmet":1,"minecraft:tuff":23,"minecraft:wooden_axe":21,"minecraft:diamond_pickaxe":914,"minecraft:iron_pickaxe":21,"minecraft:cobblestone":143,"minecraft:furnace":3,"minecraft:bucket":1,"alexsmobs:animal_dictionary":1,"minecraft:cobbled_deepslate":220},"minecraft:killed":{"minecraft:spider":1,"minecraft:skeleton":1},"minecraft:mined":{"minecraft:deepslate_redstone_ore":10,"minecraft:tuff":66,"minecraft:red_bed":1,"minecraft:deepslate_diamond_ore":9,"minecraft:crafting_table":10,"minecraft:torch":2,"minecraft:granite":25,"minecraft:grass_block":12,"minecraft:copper_ore":10,"minecraft:cobblestone":1,"minecraft:lapis_ore":2,"minecraft:deepslate_gold_ore":3,"minecraft:diorite":29,"minecraft:wall_torch":15,"minecraft:furnace":3,"minecraft:birch_log":6,"minecraft:iron_ore":6,"minecraft:cobbled_deepslate":5,"minecraft:andesite":84,"minecraft:deepslate_lapis_ore":2,"minecraft:oak_log":8,"minecraft:coal_ore":17,"minecraft:deepslate_iron_ore":8,"minecraft:sand":1,"minecraft:gravel":7,"minecraft:dirt":39,"minecraft:stone":320,"minecraft:oak_leaves":2,"minecraft:deepslate":688},"minecraft:custom":{"minecraft:interact_with_furnace":7,"minecraft:mob_kills":3,"minecraft:interact_with_crafting_table":16,"minecraft:leave_game":2,"minecraft:time_since_death":3637,"minecraft:time_since_rest":3728,"minecraft:sprint_one_cm":181209,"minecraft:damage_taken":4625,"minecraft:walk_one_cm":123291,"minecraft:damage_blocked_by_shield":603,"minecraft:drop":42,"minecraft:damage_dealt":491,"minecraft:swim_one_cm":75352,"minecraft:fly_one_cm":133196,"minecraft:open_chest":3,"minecraft:crouch_one_cm":205,"minecraft:play_time":97826,"minecraft:deaths":15,"minecraft:sneak_time":142,"minecraft:walk_under_water_one_cm":10993,"minecraft:boat_one_cm":136753,"minecraft:jump":1282,"minecraft:walk_on_water_one_cm":26180,"minecraft:total_world_time":97826,"minecraft:fall_one_cm":40432},"minecraft:crafted":{"minecraft:oak_planks":12,"minecraft:crafting_table":1,"minecraft:birch_boat":1,"minecraft:wooden_pickaxe":1,"minecraft:iron_sword":1,"minecraft:furnace":1,"minecraft:bucket":1,"minecraft:birch_planks":24,"dungeonsweaponry:dagger":1,"minecraft:diamond_helmet":1,"minecraft:diamond_pickaxe":1,"minecraft:shield":1,"minecraft:stick":28,"minecraft:iron_ingot":10,"minecraft:iron_pickaxe":1,"minecraft:stone_pickaxe":3,"minecraft:wooden_axe":1,"minecraft:torch":48},"minecraft:dropped":{"minecraft:gravel":5,"minecraft:oak_log":5,"minecraft:cobbled_deepslate":1,"minecraft:tuff":25,"minecraft:birch_sapling":2,"minecraft:rotten_flesh":1,"minecraft:cobblestone":64,"minecraft:granite":46,"minecraft:diorite":38,"minecraft:diamond_pickaxe":1,"minecraft:wooden_axe":1,"minecraft:oak_sapling":6,"minecraft:map":1,"minecraft:sand":1,"minecraft:wooden_pickaxe":1,"minecraft:paper":4,"minecraft:string":1,"minecraft:redstone":19},"minecraft:killed_by":{"minecraft:husk":1,"minecraft:skeleton":1,"minecraft:creeper":1,"iceandfire:siren":1,"minecraft:zombie":3}},"DataVersion":3465}