{"stats":{"minecraft:killed":{"minecraft:spider":1,"minecraft:horse":1,"minecraft:skeleton":4,"majruszsdifficulty:cursed_armor":1,"royalvariations:royal_zombie":1,"minecraft:zombie":2},"minecraft:used":{"minecraft:stone_sword":35,"minecraft:acacia_log":1,"minecraft:shield":20,"minecraft:iron_sword":54,"minecraft:iron_chestplate":1,"minecraft:dirt":4,"minecraft:white_carpet":2,"minecraft:golden_shovel":12,"ancient_elements:cloud":1,"minecraft:iron_helmet":1,"minecraft:stone_bricks":3,"minecraft:deepslate_diamond_ore":2,"minecraft:hay_block":1,"minecraft:furnace":1,"minecraft:potato":2,"minecraft:cobbled_deepslate":35,"minecraft:stone_pickaxe":59,"minecraft:baked_potato":3,"minecraft:oak_planks":18,"minecraft:wooden_pickaxe":5,"iceandfire:dragon_skull_lightning":1,"minecraft:crafting_table":7,"minecraft:sculk_shrieker":12,"minecraft:diamond_pickaxe":1,"minecraft:bread":1,"minecraft:iron_pickaxe":214,"minecraft:stone_axe":19,"minecraft:cobblestone":18,"minecraft:potion":1,"alexsmobs:animal_dictionary":2},"minecraft:killed_by":{"minecraft:player":2,"royalvariations:royal_skeleton":1,"minecraft:creeper":1,"minecraft:spider":1,"minecraft:skeleton":6,"minecraft:zombie":4,"ancient_elements:verdant_viridium_crystal_slime":1,"iceandfire:ghost":3},"minecraft:crafted":{"minecraft:oak_planks":40,"minecraft:furnace":1,"minecraft:stone_pickaxe":1,"blue_skies:blue_journal":1,"minecraft:crafting_table":1,"minecraft:iron_helmet":1,"minecraft:wooden_pickaxe":2,"minecraft:iron_sword":1,"minecraft:stone_axe":1,"minecraft:iron_chestplate":1,"minecraft:shield":1,"minecraft:stick":12,"minecraft:iron_pickaxe":1,"minecraft:iron_ingot":10,"minecraft:stone_sword":1},"minecraft:picked_up":{"iceandfire:dragon_skull_lightning":5,"minecraft:crafting_table":9,"minecraft:anvil":1,"ancient_elements:cloud":1,"minecraft:wooden_pickaxe":2,"minecraft:string":11,"minecraft:raw_copper":4,"minecraft:white_carpet":2,"minecraft:cobbled_deepslate":63,"minecraft:iron_pickaxe":1,"minecraft:furnace":1,"minecraft:raw_iron":11,"iceandfire:dragonbone":61,"minecraft:oak_fence":8,"minecraft:acacia_log":1,"ancient_elements:raw_tin":2,"ancient_elements:nocturnal_shard":3,"minecraft:tnt":3,"minecraft:arrow":4,"minecraft:rotten_flesh":5,"minecraft:hay_block":1,"minecraft:cobblestone":40,"minecraft:orange_carpet":4,"minecraft:leather":1,"minecraft:golden_leggings":1,"minecraft:potato":2,"minecraft:flint":4,"minecraft:oak_log":16,"minecraft:dirt":6,"minecraft:lantern":1,"minecraft:bone":2,"minecraft:stone_bricks":3,"minecraft:wheat_seeds":16,"minecraft:iron_ingot":1,"minecraft:stone_pickaxe":1,"minecraft:oak_planks":2,"minecraft:smooth_basalt":1,"ancient_elements:scarlet_shard":9,"minecraft:gravel":7,"alexsmobs:animal_dictionary":1,"minecraft:spider_eye":1,"minecraft:diamond":2,"minecraft:stone_axe":1,"minecraft:oak_sapling":2,"minecraft:coal":43},"minecraft:dropped":{"minecraft:wheat_seeds":8,"minecraft:iron_helmet":1,"minecraft:lead":1,"minecraft:cobweb":7,"minecraft:orange_carpet":2,"minecraft:iron_pickaxe":2,"minecraft:bone":8,"minecraft:smooth_basalt":1,"minecraft:gravel":6,"minecraft:raw_iron":1,"minecraft:diamond_pickaxe":1,"minecraft:golden_leggings":1,"minecraft:stone_pickaxe":1,"minecraft:wooden_pickaxe":1},"minecraft:broken":{"minecraft:golden_helmet":1},"minecraft:custom":{"minecraft:mob_kills":10,"minecraft:interact_with_crafting_table":14,"minecraft:open_barrel":3,"minecraft:damage_dealt_resisted":10,"minecraft:leave_game":5,"minecraft:time_since_death":519,"minecraft:climb_one_cm":1913,"minecraft:sprint_one_cm":239943,"minecraft:walk_one_cm":287308,"minecraft:damage_blocked_by_shield":1360,"minecraft:drop":17,"minecraft:talked_to_villager":2,"minecraft:play_time":108579,"minecraft:deaths":26,"minecraft:sneak_time":1826,"minecraft:walk_under_water_one_cm":29708,"minecraft:jump":1790,"minecraft:walk_on_water_one_cm":25811,"minecraft:total_world_time":108579,"minecraft:interact_with_furnace":9,"minecraft:traded_with_villager":1,"minecraft:sleep_in_bed":2,"minecraft:time_since_rest":555,"minecraft:damage_taken":9419,"minecraft:trigger_trapped_chest":1,"minecraft:damage_dealt":3311,"minecraft:swim_one_cm":37554,"minecraft:fly_one_cm":604658,"minecraft:player_kills":3,"minecraft:open_chest":14,"minecraft:crouch_one_cm":156,"minecraft:fall_one_cm":58612},"minecraft:mined":{"create:zinc_ore":4,"create:deepslate_zinc_ore":1,"minecraft:tuff":7,"minecraft:deepslate_diamond_ore":2,"minecraft:acacia_log":1,"minecraft:grass_block":4,"ancient_elements:scarlet_clust":3,"minecraft:chiseled_stone_bricks":1,"minecraft:spawner":1,"minecraft:large_fern":1,"minecraft:hay_block":2,"minecraft:magma_block":1,"ancient_elements:topaz_clust":1,"minecraft:furnace":1,"ancient_elements:topaz_crystal_block":1,"minecraft:iron_ore":12,"minecraft:cobbled_deepslate":2,"ancient_elements:tin_ore":1,"minecraft:anvil":1,"minecraft:pointed_dripstone":1,"minecraft:deepslate_iron_ore":2,"minecraft:lantern":1,"ancient_elements:budding_nocturn":1,"minecraft:stone":42,"ancient_elements:deepslate_lead_ore":1,"minecraft:deepslate_redstone_ore":1,"deep_dark_regrowth:sculk_ribs":1,"minecraft:oak_fence":4,"minecraft:crafting_table":7,"minecraft:calcite":2,"ancient_elements:deepslate_tin_ore":7,"ancient_elements:cloud":1,"minecraft:tall_grass":1,"minecraft:copper_ore":2,"deep_dark_regrowth:overloaded_sculk":4,"minecraft:oak_planks":1,"minecraft:sculk":36,"minecraft:orange_carpet":1,"minecraft:amethyst_block":3,"minecraft:coarse_dirt":2,"minecraft:tnt":3,"minecraft:grass":3,"minecraft:coal_ore":30,"minecraft:oak_log":10,"minecraft:dirt":2,"minecraft:gravel":14,"ancient_elements:nocturnal_clust":1,"ancient_elements:budding_scarlet":2,"minecraft:cobweb":11,"minecraft:smooth_basalt":11,"minecraft:stone_bricks":3,"minecraft:oak_leaves":2,"minecraft:deepslate":62}},"DataVersion":3465}