{
  "minecraft:recipes/building_blocks/polished_deepslate": {
    "criteria": {
      "has_cobbled_deepslate": "2024-07-09 19:10:36 +0000"
    },
    "done": true
  },
  "minecraft:recipes/decorations/ladder": {
    "criteria": {
      "has_stick": "2024-07-09 19:03:39 +0000"
    },
    "done": true
  },
  "create:recipes/building_blocks/cut_tuff_from_stone_types_tuff_stonecutting": {
    "criteria": {
      "has_stone_types_tuff": "2024-07-09 19:12:32 +0000"
    },
    "done": true
  },
  "securitycraft:recipes/redstone/reinforced_birch_fence_gate": {
    "criteria": {
      "has_stick": "2024-07-09 19:03:39 +0000"
    },
    "done": true
  },
  "create:recipes/building_blocks/granite_from_stone_types_granite_stonecutting": {
    "criteria": {
      "has_stone_types_granite": "2024-07-09 19:09:22 +0000"
    },
    "done": true
  },
  "securitycraft:recipes/redstone/reinforced_jungle_fence_gate": {
    "criteria": {
      "has_stick": "2024-07-09 19:03:39 +0000"
    },
    "done": true
  },
  "incendium:technical/sentrys_wrath": {
    "criteria": {
      "log_spam_fixer": "2024-07-09 19:27:32 +0000"
    },
    "done": false
  },
  "ancient_elements:ancient_elements": {
    "criteria": {
      "ancient_elements": "2024-07-09 19:01:24 +0000"
    },
    "done": true
  },
  "create:recipes/building_blocks/polished_cut_andesite_stairs_from_stone_types_andesite_stonecutting": {
    "criteria": {
      "has_stone_types_andesite": "2024-07-09 19:09:48 +0000"
    },
    "done": true
  },
  "create:recipes/building_blocks/cut_granite_brick_slab_from_stone_types_granite_stonecutting": {
    "criteria": {
      "has_stone_types_granite": "2024-07-09 19:09:22 +0000"
    },
    "done": true
  },
  "minecraft:recipes/building_blocks/polished_diorite": {
    "criteria": {
      "has_diorite": "2024-07-09 19:09:51 +0000"
    },
    "done": true
  },
  "minecraft:recipes/building_blocks/raw_iron_block": {
    "criteria": {
      "has_raw_iron": "2024-07-09 19:07:30 +0000"
    },
    "done": true
  },
  "create:recipes/building_blocks/polished_cut_tuff_from_stone_types_tuff_stonecutting": {
    "criteria": {
      "has_stone_types_tuff": "2024-07-09 19:12:32 +0000"
    },
    "done": true
  },
  "biomesoplenty:recipes/transportation/willow_boat": {
    "criteria": {
      "in_water": "2024-07-09 19:05:20 +0000"
    },
    "done": true
  },
  "minecraft:recipes/combat/iron_helmet": {
    "criteria": {
      "has_iron_ingot": "2024-07-09 19:13:42 +0000"
    },
    "done": true
  },
  "create:root": {
    "criteria": {
      "0": "2024-07-09 19:01:24 +0000"
    },
    "done": true
  },
  "minecraft:recipes/tools/wooden_axe": {
    "criteria": {
      "has_stick": "2024-07-09 19:03:39 +0000"
    },
    "done": true
  },
  "more_slabs_stairs_and_walls:recipes/building_blocks/spruce_log_stairs_from_spruce_log_stonecutting": {
    "criteria": {
      "has_spruce_log": "2024-07-09 19:03:14 +0000"
    },
    "done": true
  },
  "minecraft:recipes/building_blocks/granite_slab_from_granite_stonecutting": {
    "criteria": {
      "has_granite": "2024-07-09 19:09:22 +0000"
    },
    "done": true
  },
  "securitycraft:recipes/decorations/floor_trap": {
    "criteria": {
      "has_iron": "2024-07-09 19:13:42 +0000"
    },
    "done": true
  },
  "minecraft:recipes/decorations/crafting_table": {
    "criteria": {
      "unlock_right_away": "2024-07-09 19:01:24 +0000"
    },
    "done": true
  },
  "minecraft:recipes/decorations/chest": {
    "criteria": {
      "has_lots_of_items": "2024-07-09 19:06:06 +0000"
    },
    "done": true
  },
  "minecraft:recipes/misc/stick": {
    "criteria": {
      "has_planks": "2024-07-09 19:03:37 +0000"
    },
    "done": true
  },
  "minecraft:recipes/transportation/cherry_boat": {
    "criteria": {
      "in_water": "2024-07-09 19:05:20 +0000"
    },
    "done": true
  },
  "minecraft:recipes/decorations/granite_wall_from_granite_stonecutting": {
    "criteria": {
      "has_granite": "2024-07-09 19:09:22 +0000"
    },
    "done": true
  },
  "create:recipes/building_blocks/polished_cut_tuff_stairs_from_stone_types_tuff_stonecutting": {
    "criteria": {
      "has_stone_types_tuff": "2024-07-09 19:12:32 +0000"
    },
    "done": true
  },
  "minecraft:recipes/building_blocks/clay": {
    "criteria": {
      "has_clay_ball": "2024-07-09 19:10:28 +0000"
    },
    "done": true
  },
  "minecraft:recipes/redstone/tripwire_hook": {
    "criteria": {
      "has_string": "2024-07-09 19:19:39 +0000"
    },
    "done": true
  },
  "create:recipes/building_blocks/small_granite_brick_stairs_from_stone_types_granite_stonecutting": {
    "criteria": {
      "has_stone_types_granite": "2024-07-09 19:09:22 +0000"
    },
    "done": true
  },
  "securitycraft:recipes/transportation/track_mine": {
    "criteria": {
      "has_iron": "2024-07-09 19:13:42 +0000"
    },
    "done": true
  },
  "create:recipes/building_blocks/small_diorite_brick_slab_from_stone_types_diorite_stonecutting": {
    "criteria": {
      "has_stone_types_diorite": "2024-07-09 19:09:51 +0000"
    },
    "done": true
  },
  "create:recipes/misc/crafting/materials/andesite_alloy": {
    "criteria": {
      "has_item": "2024-07-09 19:13:42 +0000"
    },
    "done": true
  },
  "securitycraft:recipes/building_blocks/reinforced_andesite_with_vanilla_cobblestone": {
    "criteria": {
      "has_cobblestone": "2024-07-09 19:05:46 +0000"
    },
    "done": true
  },
  "minecraft:recipes/decorations/candle": {
    "criteria": {
      "has_string": "2024-07-09 19:19:39 +0000"
    },
    "done": true
  },
  "create:recipes/building_blocks/cut_tuff_stairs_from_stone_types_tuff_stonecutting": {
    "criteria": {
      "has_stone_types_tuff": "2024-07-09 19:12:32 +0000"
    },
    "done": true
  },
  "biomesoplenty:recipes/transportation/dead_boat": {
    "criteria": {
      "in_water": "2024-07-09 19:05:20 +0000"
    },
    "done": true
  },
  "biomesoplenty:recipes/transportation/magic_boat": {
    "criteria": {
      "in_water": "2024-07-09 19:05:20 +0000"
    },
    "done": true
  },
  "minecraft:recipes/building_blocks/granite_slab": {
    "criteria": {
      "has_granite": "2024-07-09 19:09:22 +0000"
    },
    "done": true
  },
  "create:recipes/building_blocks/cut_granite_from_stone_types_granite_stonecutting": {
    "criteria": {
      "has_stone_types_granite": "2024-07-09 19:09:22 +0000"
    },
    "done": true
  },
  "incendium:technical/on_kill": {
    "criteria": {
      "log_spam_fixer": "2024-07-09 19:27:32 +0000"
    },
    "done": false
  },
  "create:recipes/building_blocks/small_tuff_brick_slab_from_stone_types_tuff_stonecutting": {
    "criteria": {
      "has_stone_types_tuff": "2024-07-09 19:12:32 +0000"
    },
    "done": true
  },
  "more_slabs_stairs_and_walls:recipes/building_blocks/dirt_wall": {
    "criteria": {
      "has_dirt": "2024-07-09 19:05:39 +0000"
    },
    "done": true
  },
  "create:recipes/building_blocks/cut_granite_brick_stairs_from_stone_types_granite_stonecutting": {
    "criteria": {
      "has_stone_types_granite": "2024-07-09 19:09:22 +0000"
    },
    "done": true
  },
  "iceandfire:iceandfire/root": {
    "criteria": {
      "tick": "2024-07-09 19:01:24 +0000"
    },
    "done": true
  },
  "minecraft:recipes/redstone/spruce_button": {
    "criteria": {
      "has_planks": "2024-07-09 19:03:37 +0000"
    },
    "done": true
  },
  "minecraft:recipes/redstone/hopper": {
    "criteria": {
      "has_iron_ingot": "2024-07-09 19:13:42 +0000"
    },
    "done": true
  },
  "create:recipes/building_blocks/small_andesite_brick_stairs_from_stone_types_andesite_stonecutting": {
    "criteria": {
      "has_stone_types_andesite": "2024-07-09 19:09:48 +0000"
    },
    "done": true
  },
  "create:recipes/building_blocks/polished_cut_granite_from_stone_types_granite_stonecutting": {
    "criteria": {
      "has_stone_types_granite": "2024-07-09 19:09:22 +0000"
    },
    "done": true
  },
  "securitycraft:recipes/redstone/reinforced_bamboo_fence_gate": {
    "criteria": {
      "has_stick": "2024-07-09 19:03:39 +0000"
    },
    "done": true
  },
  "securitycraft:recipes/redstone/reinforced_fence_gate": {
    "criteria": {
      "has_iron": "2024-07-09 19:13:42 +0000"
    },
    "done": true
  },
  "minecraft:recipes/misc/copper_ingot_from_blasting_raw_copper": {
    "criteria": {
      "has_raw_copper": "2024-07-09 19:06:55 +0000"
    },
    "done": true
  },
  "minecraft:recipes/building_blocks/polished_deepslate_from_cobbled_deepslate_stonecutting": {
    "criteria": {
      "has_cobbled_deepslate": "2024-07-09 19:10:36 +0000"
    },
    "done": true
  },
  "majruszsdifficulty:bleeding": {
    "criteria": {
      "bleeding_applied": "2024-07-09 19:22:46 +0000"
    },
    "done": true
  },
  "minecraft:recipes/building_blocks/diorite_stairs_from_diorite_stonecutting": {
    "criteria": {
      "has_diorite": "2024-07-09 19:09:51 +0000"
    },
    "done": true
  },
  "securitycraft:recipes/misc/keycard_lv5": {
    "criteria": {
      "has_iron": "2024-07-09 19:13:42 +0000"
    },
    "done": true
  },
  "securitycraft:recipes/misc/keycard_lv3": {
    "criteria": {
      "has_iron": "2024-07-09 19:13:42 +0000"
    },
    "done": true
  },
  "securitycraft:recipes/misc/keycard_lv4": {
    "criteria": {
      "has_iron": "2024-07-09 19:13:42 +0000"
    },
    "done": true
  },
  "securitycraft:recipes/misc/keycard_lv1": {
    "criteria": {
      "has_iron": "2024-07-09 19:13:42 +0000"
    },
    "done": true
  },
  "securitycraft:recipes/misc/keycard_lv2": {
    "criteria": {
      "has_iron": "2024-07-09 19:13:42 +0000"
    },
    "done": true
  },
  "create:recipes/building_blocks/polished_cut_tuff_wall_from_stone_types_tuff_stonecutting": {
    "criteria": {
      "has_stone_types_tuff": "2024-07-09 19:12:32 +0000"
    },
    "done": true
  },
  "minecraft:recipes/combat/iron_boots": {
    "criteria": {
      "has_iron_ingot": "2024-07-09 19:13:42 +0000"
    },
    "done": true
  },
  "more_slabs_stairs_and_walls:recipes/building_blocks/tuff_stairs": {
    "criteria": {
      "has_tuff": "2024-07-09 19:12:32 +0000"
    },
    "done": true
  },
  "securitycraft:recipes/misc/mine": {
    "criteria": {
      "has_iron": "2024-07-09 19:13:42 +0000"
    },
    "done": true
  },
  "minecraft:recipes/decorations/campfire": {
    "criteria": {
      "has_stick": "2024-07-09 19:03:39 +0000"
    },
    "done": true
  },
  "incendium:technical/on_inventory_change": {
    "criteria": {
      "log_spam_fixer": "2024-07-09 19:27:32 +0000"
    },
    "done": false
  },
  "more_slabs_stairs_and_walls:recipes/building_blocks/tuff_stairs_from_tuff_stonecutting": {
    "criteria": {
      "has_tuff": "2024-07-09 19:12:32 +0000"
    },
    "done": true
  },
  "create:recipes/building_blocks/cut_tuff_brick_slab_from_stone_types_tuff_stonecutting": {
    "criteria": {
      "has_stone_types_tuff": "2024-07-09 19:12:32 +0000"
    },
    "done": true
  },
  "create:recipes/building_blocks/diorite_from_stone_types_diorite_stonecutting": {
    "criteria": {
      "has_stone_types_diorite": "2024-07-09 19:09:51 +0000"
    },
    "done": true
  },
  "create:recipes/building_blocks/cut_diorite_brick_wall_from_stone_types_diorite_stonecutting": {
    "criteria": {
      "has_stone_types_diorite": "2024-07-09 19:09:51 +0000"
    },
    "done": true
  },
  "create:recipes/building_blocks/polished_cut_andesite_from_stone_types_andesite_stonecutting": {
    "criteria": {
      "has_stone_types_andesite": "2024-07-09 19:09:48 +0000"
    },
    "done": true
  },
  "securitycraft:recipes/redstone/reinforced_dark_oak_fence_gate": {
    "criteria": {
      "has_stick": "2024-07-09 19:03:39 +0000"
    },
    "done": true
  },
  "minecraft:recipes/building_blocks/cobblestone_slab": {
    "criteria": {
      "has_cobblestone": "2024-07-09 19:05:46 +0000"
    },
    "done": true
  },
  "minecraft:recipes/misc/brick": {
    "criteria": {
      "has_clay_ball": "2024-07-09 19:10:28 +0000"
    },
    "done": true
  },
  "minecraft:recipes/transportation/acacia_boat": {
    "criteria": {
      "in_water": "2024-07-09 19:05:20 +0000"
    },
    "done": true
  },
  "minecraft:recipes/redstone/iron_trapdoor": {
    "criteria": {
      "has_iron_ingot": "2024-07-09 19:13:42 +0000"
    },
    "done": true
  },
  "minecraft:recipes/misc/iron_ingot_from_blasting_raw_iron": {
    "criteria": {
      "has_raw_iron": "2024-07-09 19:07:30 +0000"
    },
    "done": true
  },
  "minecraft:recipes/combat/wooden_sword": {
    "criteria": {
      "has_stick": "2024-07-09 19:03:39 +0000"
    },
    "done": true
  },
  "incendium:technical/holy_wrath": {
    "criteria": {
      "log_spam_fixer": "2024-07-09 19:27:32 +0000"
    },
    "done": false
  },
  "minecraft:recipes/decorations/cobblestone_wall_from_cobblestone_stonecutting": {
    "criteria": {
      "has_cobblestone": "2024-07-09 19:05:46 +0000"
    },
    "done": true
  },
  "incendium:technical/on_block": {
    "criteria": {
      "log_spam_fixer": "2024-07-09 19:27:32 +0000"
    },
    "done": false
  },
  "minecraft:recipes/building_blocks/polished_andesite_stairs_from_andesite_stonecutting": {
    "criteria": {
      "has_andesite": "2024-07-09 19:09:48 +0000"
    },
    "done": true
  },
  "securitycraft:recipes/misc/speed_module": {
    "criteria": {
      "has_iron": "2024-07-09 19:13:42 +0000"
    },
    "done": true
  },
  "securitycraft:recipes/misc/reinforced_dark_oak_fence": {
    "criteria": {
      "has_stick": "2024-07-09 19:03:39 +0000"
    },
    "done": true
  },
  "securitycraft:recipes/misc/reinforced_oak_fence": {
    "criteria": {
      "has_stick": "2024-07-09 19:03:39 +0000"
    },
    "done": true
  },
  "minecraft:recipes/building_blocks/cobblestone_stairs": {
    "criteria": {
      "has_cobblestone": "2024-07-09 19:05:46 +0000"
    },
    "done": true
  },
  "securitycraft:recipes/redstone/reinforced_oak_fence_gate": {
    "criteria": {
      "has_stick": "2024-07-09 19:03:39 +0000"
    },
    "done": true
  },
  "create:recipes/building_blocks/cut_diorite_from_stone_types_diorite_stonecutting": {
    "criteria": {
      "has_stone_types_diorite": "2024-07-09 19:09:51 +0000"
    },
    "done": true
  },
  "minecraft:recipes/building_blocks/polished_granite_stairs_from_granite_stonecutting": {
    "criteria": {
      "has_granite": "2024-07-09 19:09:22 +0000"
    },
    "done": true
  },
  "securitycraft:recipes/misc/reinforced_bamboo_fence": {
    "criteria": {
      "has_stick": "2024-07-09 19:03:39 +0000"
    },
    "done": true
  },
  "securitycraft:recipes/misc/reinforced_crimson_fence": {
    "criteria": {
      "has_stick": "2024-07-09 19:03:39 +0000"
    },
    "done": true
  },
  "create:recipes/building_blocks/layered_andesite_from_stone_types_andesite_stonecutting": {
    "criteria": {
      "has_stone_types_andesite": "2024-07-09 19:09:48 +0000"
    },
    "done": true
  },
  "securitycraft:recipes/misc/door_indestructible_iron_item": {
    "criteria": {
      "has_iron": "2024-07-09 19:13:42 +0000"
    },
    "done": true
  },
  "minecraft:recipes/transportation/jungle_boat": {
    "criteria": {
      "in_water": "2024-07-09 19:05:20 +0000"
    },
    "done": true
  },
  "more_slabs_stairs_and_walls:recipes/building_blocks/tuff_wall_from_tuff_stonecutting": {
    "criteria": {
      "has_tuff": "2024-07-09 19:12:32 +0000"
    },
    "done": true
  },
  "minecraft:recipes/redstone/lever": {
    "criteria": {
      "has_cobblestone": "2024-07-09 19:05:46 +0000"
    },
    "done": true
  },
  "create:recipes/building_blocks/cut_diorite_stairs_from_stone_types_diorite_stonecutting": {
    "criteria": {
      "has_stone_types_diorite": "2024-07-09 19:09:51 +0000"
    },
    "done": true
  },
  "create:recipes/building_blocks/small_tuff_brick_stairs_from_stone_types_tuff_stonecutting": {
    "criteria": {
      "has_stone_types_tuff": "2024-07-09 19:12:32 +0000"
    },
    "done": true
  },
  "twilightforest:recipes/transportation/mining_boat": {
    "criteria": {
      "in_water": "2024-07-09 19:05:20 +0000"
    },
    "done": true
  },
  "more_slabs_stairs_and_walls:recipes/building_blocks/dirt_slab": {
    "criteria": {
      "has_dirt": "2024-07-09 19:05:39 +0000"
    },
    "done": true
  },
  "create:recipes/building_blocks/small_diorite_bricks_from_stone_types_diorite_stonecutting": {
    "criteria": {
      "has_stone_types_diorite": "2024-07-09 19:09:51 +0000"
    },
    "done": true
  },
  "create:recipes/building_blocks/layered_diorite_from_stone_types_diorite_stonecutting": {
    "criteria": {
      "has_stone_types_diorite": "2024-07-09 19:09:51 +0000"
    },
    "done": true
  },
  "create:recipes/building_blocks/cut_diorite_wall_from_stone_types_diorite_stonecutting": {
    "criteria": {
      "has_stone_types_diorite": "2024-07-09 19:09:51 +0000"
    },
    "done": true
  },
  "minecraft:recipes/misc/iron_nugget_from_smelting": {
    "criteria": {
      "has_iron_pickaxe": "2024-07-09 19:14:07 +0000"
    },
    "done": true
  },
  "securitycraft:recipes/misc/blacklist_module": {
    "criteria": {
      "has_iron": "2024-07-09 19:13:42 +0000"
    },
    "done": true
  },
  "create:recipes/building_blocks/small_diorite_brick_wall_from_stone_types_diorite_stonecutting": {
    "criteria": {
      "has_stone_types_diorite": "2024-07-09 19:09:51 +0000"
    },
    "done": true
  },
  "create:recipes/building_blocks/small_tuff_bricks_from_stone_types_tuff_stonecutting": {
    "criteria": {
      "has_stone_types_tuff": "2024-07-09 19:12:32 +0000"
    },
    "done": true
  },
  "minecraft:story/iron_tools": {
    "criteria": {
      "iron_pickaxe": "2024-07-09 19:14:07 +0000"
    },
    "done": true
  },
  "minecraft:recipes/combat/iron_chestplate": {
    "criteria": {
      "has_iron_ingot": "2024-07-09 19:13:42 +0000"
    },
    "done": true
  },
  "minecraft:recipes/combat/stone_sword": {
    "criteria": {
      "has_cobblestone": "2024-07-09 19:05:46 +0000"
    },
    "done": true
  },
  "minecraft:recipes/decorations/cobblestone_wall": {
    "criteria": {
      "has_cobblestone": "2024-07-09 19:05:46 +0000"
    },
    "done": true
  },
  "blue_skies:recipes/building_blocks/food_prep_table": {
    "criteria": {
      "has_item": "2024-07-09 19:13:22 +0000"
    },
    "done": true
  },
  "minecraft:recipes/tools/stone_axe": {
    "criteria": {
      "has_cobblestone": "2024-07-09 19:05:46 +0000"
    },
    "done": true
  },
  "securitycraft:recipes/misc/limited_use_keycard": {
    "criteria": {
      "has_iron": "2024-07-09 19:13:42 +0000"
    },
    "done": true
  },
  "securitycraft:recipes/misc/bouncing_betty": {
    "criteria": {
      "has_iron": "2024-07-09 19:13:42 +0000"
    },
    "done": true
  },
  "minecraft:recipes/misc/iron_nugget": {
    "criteria": {
      "has_iron_ingot": "2024-07-09 19:13:42 +0000"
    },
    "done": true
  },
  "minecraft:recipes/misc/bucket": {
    "criteria": {
      "has_iron_ingot": "2024-07-09 19:13:42 +0000"
    },
    "done": true
  },
  "minecraft:recipes/building_blocks/diorite_slab": {
    "criteria": {
      "has_diorite": "2024-07-09 19:09:51 +0000"
    },
    "done": true
  },
  "minecraft:recipes/combat/bow": {
    "criteria": {
      "has_string": "2024-07-09 19:19:39 +0000"
    },
    "done": true
  },
  "create:recipes/building_blocks/cut_diorite_bricks_from_stone_types_diorite_stonecutting": {
    "criteria": {
      "has_stone_types_diorite": "2024-07-09 19:09:51 +0000"
    },
    "done": true
  },
  "incendium:technical/feed_ghastling": {
    "criteria": {
      "log_spam_fixer": "2024-07-09 19:27:32 +0000"
    },
    "done": false
  },
  "minecraft:recipes/decorations/spruce_sign": {
    "criteria": {
      "has_planks": "2024-07-09 19:03:37 +0000"
    },
    "done": true
  },
  "securitycraft:recipes/redstone/block_change_detector": {
    "criteria": {
      "has_iron": "2024-07-09 19:13:42 +0000"
    },
    "done": true
  },
  "twilightforest:recipes/transportation/mangrove_boat": {
    "criteria": {
      "in_water": "2024-07-09 19:05:20 +0000"
    },
    "done": true
  },
  "minecraft:story/smelt_iron": {
    "criteria": {
      "iron": "2024-07-09 19:13:42 +0000"
    },
    "done": true
  },
  "minecraft:recipes/decorations/smoker": {
    "criteria": {
      "has_furnace": "2024-07-09 19:13:22 +0000"
    },
    "done": true
  },
  "biomesoplenty:recipes/transportation/fir_boat": {
    "criteria": {
      "in_water": "2024-07-09 19:05:20 +0000"
    },
    "done": true
  },
  "securitycraft:recipes/misc/reinforced_warped_fence": {
    "criteria": {
      "has_stick": "2024-07-09 19:03:39 +0000"
    },
    "done": true
  },
  "more_slabs_stairs_and_walls:recipes/building_blocks/tuff_slab": {
    "criteria": {
      "has_tuff": "2024-07-09 19:12:32 +0000"
    },
    "done": true
  },
  "create:recipes/building_blocks/cut_tuff_brick_stairs_from_stone_types_tuff_stonecutting": {
    "criteria": {
      "has_stone_types_tuff": "2024-07-09 19:12:32 +0000"
    },
    "done": true
  },
  "minecraft:recipes/building_blocks/spruce_wood": {
    "criteria": {
      "has_log": "2024-07-09 19:03:14 +0000"
    },
    "done": true
  },
  "create:recipes/building_blocks/tuff_pillar_from_stone_types_tuff_stonecutting": {
    "criteria": {
      "has_stone_types_tuff": "2024-07-09 19:12:32 +0000"
    },
    "done": true
  },
  "create:recipes/building_blocks/diorite_pillar_from_stone_types_diorite_stonecutting": {
    "criteria": {
      "has_stone_types_diorite": "2024-07-09 19:09:51 +0000"
    },
    "done": true
  },
  "minecraft:recipes/decorations/cobbled_deepslate_wall": {
    "criteria": {
      "has_cobbled_deepslate": "2024-07-09 19:10:36 +0000"
    },
    "done": true
  },
  "minecraft:recipes/decorations/polished_deepslate_wall_from_cobbled_deepslate_stonecutting": {
    "criteria": {
      "has_cobbled_deepslate": "2024-07-09 19:10:36 +0000"
    },
    "done": true
  },
  "minecraft:recipes/decorations/diorite_wall": {
    "criteria": {
      "has_diorite": "2024-07-09 19:09:51 +0000"
    },
    "done": true
  },
  "iceandfire:recipes/misc/earplugs": {
    "criteria": {
      "has_item": "2024-07-09 19:03:37 +0000"
    },
    "done": true
  },
  "scalinghealth:recipes/misc/heart_crystal": {
    "criteria": {
      "cobblestone": "2024-07-09 19:05:46 +0000"
    },
    "done": true
  },
  "minecraft:recipes/transportation/spruce_boat": {
    "criteria": {
      "in_water": "2024-07-09 19:05:20 +0000"
    },
    "done": true
  },
  "scalinghealth:recipes/combat/bandages": {
    "criteria": {
      "cobblestone": "2024-07-09 19:05:46 +0000"
    },
    "done": true
  },
  "securitycraft:recipes/redstone/reinforced_cherry_fence_gate": {
    "criteria": {
      "has_stick": "2024-07-09 19:03:39 +0000"
    },
    "done": true
  },
  "create:recipes/building_blocks/polished_cut_granite_slab_from_stone_types_granite_stonecutting": {
    "criteria": {
      "has_stone_types_granite": "2024-07-09 19:09:22 +0000"
    },
    "done": true
  },
  "create:recipes/misc/crafting/kinetics/empty_blaze_burner": {
    "criteria": {
      "has_item": "2024-07-09 19:13:42 +0000"
    },
    "done": true
  },
  "incendium:technical/inventory/firestorm": {
    "criteria": {
      "log_spam_fixer": "2024-07-09 19:27:32 +0000"
    },
    "done": false
  },
  "create:recipes/building_blocks/cut_tuff_brick_wall_from_stone_types_tuff_stonecutting": {
    "criteria": {
      "has_stone_types_tuff": "2024-07-09 19:12:32 +0000"
    },
    "done": true
  },
  "biomesoplenty:recipes/transportation/redwood_boat": {
    "criteria": {
      "in_water": "2024-07-09 19:05:20 +0000"
    },
    "done": true
  },
  "minecraft:recipes/building_blocks/andesite_slab_from_andesite_stonecutting": {
    "criteria": {
      "has_andesite": "2024-07-09 19:09:48 +0000"
    },
    "done": true
  },
  "incendium:technical/give_ghastling": {
    "criteria": {
      "log_spam_fixer": "2024-07-09 19:27:32 +0000"
    },
    "done": false
  },
  "minecraft:recipes/combat/iron_sword": {
    "criteria": {
      "has_iron_ingot": "2024-07-09 19:13:42 +0000"
    },
    "done": true
  },
  "minecraft:recipes/tools/iron_pickaxe": {
    "criteria": {
      "has_iron_ingot": "2024-07-09 19:13:42 +0000"
    },
    "done": true
  },
  "minecraft:recipes/transportation/mangrove_boat": {
    "criteria": {
      "in_water": "2024-07-09 19:05:20 +0000"
    },
    "done": true
  },
  "minecraft:recipes/combat/shield": {
    "criteria": {
      "has_iron_ingot": "2024-07-09 19:13:42 +0000"
    },
    "done": true
  },
  "minecraft:recipes/decorations/iron_bars": {
    "criteria": {
      "has_iron_ingot": "2024-07-09 19:13:42 +0000"
    },
    "done": true
  },
  "create:recipes/building_blocks/cut_andesite_brick_wall_from_stone_types_andesite_stonecutting": {
    "criteria": {
      "has_stone_types_andesite": "2024-07-09 19:09:48 +0000"
    },
    "done": true
  },
  "minecraft:recipes/building_blocks/polished_deepslate_slab_from_cobbled_deepslate_stonecutting": {
    "criteria": {
      "has_cobbled_deepslate": "2024-07-09 19:10:36 +0000"
    },
    "done": true
  },
  "incendium:technical/multiplex_crossbow": {
    "criteria": {
      "log_spam_fixer": "2024-07-09 19:27:32 +0000"
    },
    "done": false
  },
  "biomesoplenty:recipes/transportation/hellbark_boat": {
    "criteria": {
      "in_water": "2024-07-09 19:05:20 +0000"
    },
    "done": true
  },
  "incendium:technical/using/ragnarok": {
    "criteria": {
      "log_spam_fixer": "2024-07-09 19:01:25 +0000"
    },
    "done": false
  },
  "minecraft:recipes/misc/iron_ingot_from_smelting_raw_iron": {
    "criteria": {
      "has_raw_iron": "2024-07-09 19:07:30 +0000"
    },
    "done": true
  },
  "biomesoplenty:recipes/transportation/jacaranda_boat": {
    "criteria": {
      "in_water": "2024-07-09 19:05:20 +0000"
    },
    "done": true
  },
  "create:recipes/building_blocks/cut_granite_wall_from_stone_types_granite_stonecutting": {
    "criteria": {
      "has_stone_types_granite": "2024-07-09 19:09:22 +0000"
    },
    "done": true
  },
  "twilightforest:recipes/transportation/canopy_boat": {
    "criteria": {
      "in_water": "2024-07-09 19:05:20 +0000"
    },
    "done": true
  },
  "create:recipes/building_blocks/andesite_pillar_from_stone_types_andesite_stonecutting": {
    "criteria": {
      "has_stone_types_andesite": "2024-07-09 19:09:48 +0000"
    },
    "done": true
  },
  "more_slabs_stairs_and_walls:recipes/building_blocks/dirt_stairs": {
    "criteria": {
      "has_dirt": "2024-07-09 19:05:39 +0000"
    },
    "done": true
  },
  "more_slabs_stairs_and_walls:recipes/building_blocks/tuff_slab_from_tuff_stonecutting": {
    "criteria": {
      "has_tuff": "2024-07-09 19:12:32 +0000"
    },
    "done": true
  },
  "minecraft:recipes/decorations/diorite_wall_from_diorite_stonecutting": {
    "criteria": {
      "has_diorite": "2024-07-09 19:09:51 +0000"
    },
    "done": true
  },
  "create:recipes/building_blocks/small_granite_brick_slab_from_stone_types_granite_stonecutting": {
    "criteria": {
      "has_stone_types_granite": "2024-07-09 19:09:22 +0000"
    },
    "done": true
  },
  "minecraft:recipes/tools/wooden_pickaxe": {
    "criteria": {
      "has_stick": "2024-07-09 19:03:39 +0000"
    },
    "done": true
  },
  "minecraft:recipes/building_blocks/cobbled_deepslate_stairs": {
    "criteria": {
      "has_cobbled_deepslate": "2024-07-09 19:10:36 +0000"
    },
    "done": true
  },
  "create:recipes/building_blocks/polished_cut_diorite_stairs_from_stone_types_diorite_stonecutting": {
    "criteria": {
      "has_stone_types_diorite": "2024-07-09 19:09:51 +0000"
    },
    "done": true
  },
  "minecraft:story/upgrade_tools": {
    "criteria": {
      "stone_pickaxe": "2024-07-09 19:06:12 +0000"
    },
    "done": true
  },
  "biomesoplenty:recipes/transportation/palm_boat": {
    "criteria": {
      "in_water": "2024-07-09 19:05:20 +0000"
    },
    "done": true
  },
  "create:recipes/building_blocks/polished_cut_andesite_wall_from_stone_types_andesite_stonecutting": {
    "criteria": {
      "has_stone_types_andesite": "2024-07-09 19:09:48 +0000"
    },
    "done": true
  },
  "create:recipes/building_blocks/cut_andesite_brick_stairs_from_stone_types_andesite_stonecutting": {
    "criteria": {
      "has_stone_types_andesite": "2024-07-09 19:09:48 +0000"
    },
    "done": true
  },
  "securitycraft:recipes/misc/smart_module": {
    "criteria": {
      "has_iron": "2024-07-09 19:13:42 +0000"
    },
    "done": true
  },
  "securitycraft:recipes/redstone/reinforced_mangrove_fence_gate": {
    "criteria": {
      "has_stick": "2024-07-09 19:03:39 +0000"
    },
    "done": true
  },
  "minecraft:recipes/building_blocks/polished_granite": {
    "criteria": {
      "has_granite": "2024-07-09 19:09:22 +0000"
    },
    "done": true
  },
  "minecraft:recipes/redstone/spruce_trapdoor": {
    "criteria": {
      "has_planks": "2024-07-09 19:03:37 +0000"
    },
    "done": true
  },
  "create:recipes/building_blocks/polished_cut_diorite_from_stone_types_diorite_stonecutting": {
    "criteria": {
      "has_stone_types_diorite": "2024-07-09 19:09:51 +0000"
    },
    "done": true
  },
  "create:recipes/building_blocks/polished_cut_diorite_slab_from_stone_types_diorite_stonecutting": {
    "criteria": {
      "has_stone_types_diorite": "2024-07-09 19:09:51 +0000"
    },
    "done": true
  },
  "minecraft:recipes/tools/iron_axe": {
    "criteria": {
      "has_iron_ingot": "2024-07-09 19:13:42 +0000"
    },
    "done": true
  },
  "minecraft:recipes/building_blocks/polished_diorite_from_diorite_stonecutting": {
    "criteria": {
      "has_diorite": "2024-07-09 19:09:51 +0000"
    },
    "done": true
  },
  "minecraft:adventure/kill_a_mob": {
    "criteria": {
      "minecraft:spider": "2024-07-09 19:19:37 +0000"
    },
    "done": true
  },
  "minecraft:recipes/building_blocks/deepslate_bricks_from_cobbled_deepslate_stonecutting": {
    "criteria": {
      "has_cobbled_deepslate": "2024-07-09 19:10:36 +0000"
    },
    "done": true
  },
  "twilightforest:recipes/transportation/sorting_boat": {
    "criteria": {
      "in_water": "2024-07-09 19:05:20 +0000"
    },
    "done": true
  },
  "minecraft:recipes/building_blocks/diorite_stairs": {
    "criteria": {
      "has_diorite": "2024-07-09 19:09:51 +0000"
    },
    "done": true
  },
  "create:recipes/building_blocks/industrial_iron_block_from_ingots_iron_stonecutting": {
    "criteria": {
      "has_ingots_iron": "2024-07-09 19:13:42 +0000"
    },
    "done": true
  },
  "minecraft:recipes/redstone/iron_door": {
    "criteria": {
      "has_iron_ingot": "2024-07-09 19:13:42 +0000"
    },
    "done": true
  },
  "minecraft:recipes/transportation/dark_oak_boat": {
    "criteria": {
      "in_water": "2024-07-09 19:05:20 +0000"
    },
    "done": true
  },
  "securitycraft:recipes/misc/sentry": {
    "criteria": {
      "has_iron": "2024-07-09 19:13:42 +0000"
    },
    "done": true
  },
  "minecraft:recipes/building_blocks/deepslate_tile_stairs_from_cobbled_deepslate_stonecutting": {
    "criteria": {
      "has_cobbled_deepslate": "2024-07-09 19:10:36 +0000"
    },
    "done": true
  },
  "morevillagers:root": {
    "criteria": {
      "always": "2024-07-09 19:01:24 +0000"
    },
    "done": true
  },
  "securitycraft:recipes/redstone/reinforced_crimson_fence_gate": {
    "criteria": {
      "has_stick": "2024-07-09 19:03:39 +0000"
    },
    "done": true
  },
  "securitycraft:recipes/misc/motion_activated_light": {
    "criteria": {
      "has_stick": "2024-07-09 19:03:39 +0000"
    },
    "done": true
  },
  "majruszsdifficulty:recipes/misc/bandage": {
    "criteria": {
      "has_string": "2024-07-09 19:19:39 +0000"
    },
    "done": true
  },
  "majruszsdifficulty:bleeding_inflicted": {
    "criteria": {
      "bleeding_applied": "2024-07-09 19:06:24 +0000"
    },
    "done": true
  },
  "minecraft:recipes/building_blocks/lapis_block": {
    "criteria": {
      "has_lapis_lazuli": "2024-07-09 19:10:10 +0000"
    },
    "done": true
  },
  "create:recipes/building_blocks/cut_andesite_slab_from_stone_types_andesite_stonecutting": {
    "criteria": {
      "has_stone_types_andesite": "2024-07-09 19:09:48 +0000"
    },
    "done": true
  },
  "create:recipes/building_blocks/small_andesite_brick_slab_from_stone_types_andesite_stonecutting": {
    "criteria": {
      "has_stone_types_andesite": "2024-07-09 19:09:48 +0000"
    },
    "done": true
  },
  "create:recipes/building_blocks/cut_diorite_slab_from_stone_types_diorite_stonecutting": {
    "criteria": {
      "has_stone_types_diorite": "2024-07-09 19:09:51 +0000"
    },
    "done": true
  },
  "minecraft:story/mine_stone": {
    "criteria": {
      "get_stone": "2024-07-09 19:05:46 +0000"
    },
    "done": true
  },
  "minecraft:recipes/decorations/furnace": {
    "criteria": {
      "has_cobblestone": "2024-07-09 19:05:46 +0000"
    },
    "done": true
  },
  "minecraft:recipes/building_blocks/andesite_stairs": {
    "criteria": {
      "has_andesite": "2024-07-09 19:09:48 +0000"
    },
    "done": true
  },
  "create:recipes/building_blocks/polished_cut_tuff_slab_from_stone_types_tuff_stonecutting": {
    "criteria": {
      "has_stone_types_tuff": "2024-07-09 19:12:32 +0000"
    },
    "done": true
  },
  "more_slabs_stairs_and_walls:recipes/building_blocks/spruce_log_slab": {
    "criteria": {
      "has_spruce_log": "2024-07-09 19:03:14 +0000"
    },
    "done": true
  },
  "create:recipes/building_blocks/cut_diorite_brick_slab_from_stone_types_diorite_stonecutting": {
    "criteria": {
      "has_stone_types_diorite": "2024-07-09 19:09:51 +0000"
    },
    "done": true
  },
  "create:recipes/misc/crafting/appliances/crafting_blueprint": {
    "criteria": {
      "has_item": "2024-07-09 19:03:21 +0000"
    },
    "done": true
  },
  "securitycraft:recipes/redstone/reinforced_spruce_fence_gate": {
    "criteria": {
      "has_stick": "2024-07-09 19:03:39 +0000"
    },
    "done": true
  },
  "create:recipes/building_blocks/cut_granite_slab_from_stone_types_granite_stonecutting": {
    "criteria": {
      "has_stone_types_granite": "2024-07-09 19:09:22 +0000"
    },
    "done": true
  },
  "incendium:technical/on_player_hurt": {
    "criteria": {
      "requirement": "2024-07-09 19:27:47 +0000",
      "log_spam_fixer": "2024-07-09 19:27:32 +0000"
    },
    "done": true
  },
  "morevillagers:recipes/mining_bench": {
    "criteria": {
      "has_iron_pickaxe": "2024-07-09 19:14:07 +0000"
    },
    "done": true
  },
  "securitycraft:recipes/building_blocks/reinforced_andesite_with_vanilla_diorite": {
    "criteria": {
      "has_cobblestone": "2024-07-09 19:05:46 +0000"
    },
    "done": true
  },
  "securitycraft:recipes/misc/storage_module": {
    "criteria": {
      "has_iron": "2024-07-09 19:13:42 +0000"
    },
    "done": true
  },
  "minecraft:recipes/building_blocks/cobbled_deepslate_slab": {
    "criteria": {
      "has_cobbled_deepslate": "2024-07-09 19:10:36 +0000"
    },
    "done": true
  },
  "minecraft:recipes/tools/shears": {
    "criteria": {
      "has_iron_ingot": "2024-07-09 19:13:42 +0000"
    },
    "done": true
  },
  "minecraft:recipes/building_blocks/cobblestone_slab_from_cobblestone_stonecutting": {
    "criteria": {
      "has_cobblestone": "2024-07-09 19:05:46 +0000"
    },
    "done": true
  },
  "minecraft:adventure/kill_all_mobs": {
    "criteria": {
      "minecraft:spider": "2024-07-09 19:19:37 +0000"
    },
    "done": false
  },
  "biomesoplenty:recipes/transportation/umbran_boat": {
    "criteria": {
      "in_water": "2024-07-09 19:05:20 +0000"
    },
    "done": true
  },
  "minecraft:recipes/building_blocks/iron_block": {
    "criteria": {
      "has_iron_ingot": "2024-07-09 19:13:42 +0000"
    },
    "done": true
  },
  "minecraft:recipes/building_blocks/stone": {
    "criteria": {
      "has_cobblestone": "2024-07-09 19:05:46 +0000"
    },
    "done": true
  },
  "minecraft:recipes/transportation/bamboo_raft": {
    "criteria": {
      "in_water": "2024-07-09 19:05:20 +0000"
    },
    "done": true
  },
  "create:recipes/building_blocks/tuff_from_stone_types_tuff_stonecutting": {
    "criteria": {
      "has_stone_types_tuff": "2024-07-09 19:12:32 +0000"
    },
    "done": true
  },
  "minecraft:recipes/building_blocks/polished_granite_from_granite_stonecutting": {
    "criteria": {
      "has_granite": "2024-07-09 19:09:22 +0000"
    },
    "done": true
  },
  "more_slabs_stairs_and_walls:recipes/building_blocks/dirt_stairs_from_dirt_stonecutting": {
    "criteria": {
      "has_dirt": "2024-07-09 19:05:39 +0000"
    },
    "done": true
  },
  "securitycraft:recipes/misc/whitelist_module": {
    "criteria": {
      "has_iron": "2024-07-09 19:13:42 +0000"
    },
    "done": true
  },
  "minecraft:recipes/decorations/spruce_fence": {
    "criteria": {
      "has_planks": "2024-07-09 19:03:37 +0000"
    },
    "done": true
  },
  "securitycraft:recipes/misc/reinforced_acacia_fence": {
    "criteria": {
      "has_stick": "2024-07-09 19:03:39 +0000"
    },
    "done": true
  },
  "minecraft:recipes/building_blocks/polished_diorite_stairs_from_diorite_stonecutting": {
    "criteria": {
      "has_diorite": "2024-07-09 19:09:51 +0000"
    },
    "done": true
  },
  "create:recipes/building_blocks/spruce_window": {
    "criteria": {
      "has_ingredient": "2024-07-09 19:03:37 +0000"
    },
    "done": true
  },
  "minecraft:recipes/building_blocks/polished_deepslate_stairs_from_cobbled_deepslate_stonecutting": {
    "criteria": {
      "has_cobbled_deepslate": "2024-07-09 19:10:36 +0000"
    },
    "done": true
  },
  "incendium:technical/new_player": {
    "criteria": {
      "requirement": "2024-07-09 19:01:24 +0000"
    },
    "done": true
  },
  "securitycraft:recipes/misc/security_camera": {
    "criteria": {
      "has_iron": "2024-07-09 19:13:42 +0000"
    },
    "done": true
  },
  "securitycraft:recipes/misc/briefcase": {
    "criteria": {
      "has_iron": "2024-07-09 19:13:42 +0000"
    },
    "done": true
  },
  "minecraft:recipes/decorations/deepslate_brick_wall_from_cobbled_deepslate_stonecutting": {
    "criteria": {
      "has_cobbled_deepslate": "2024-07-09 19:10:36 +0000"
    },
    "done": true
  },
  "create:recipes/building_blocks/cut_andesite_bricks_from_stone_types_andesite_stonecutting": {
    "criteria": {
      "has_stone_types_andesite": "2024-07-09 19:09:48 +0000"
    },
    "done": true
  },
  "minecraft:recipes/building_blocks/raw_copper_block": {
    "criteria": {
      "has_raw_copper": "2024-07-09 19:06:55 +0000"
    },
    "done": true
  },
  "minecraft:recipes/building_blocks/granite_stairs": {
    "criteria": {
      "has_granite": "2024-07-09 19:09:22 +0000"
    },
    "done": true
  },
  "create:recipes/building_blocks/small_andesite_bricks_from_stone_types_andesite_stonecutting": {
    "criteria": {
      "has_stone_types_andesite": "2024-07-09 19:09:48 +0000"
    },
    "done": true
  },
  "securitycraft:recipes/misc/electrified_iron_fence": {
    "criteria": {
      "has_iron": "2024-07-09 19:13:42 +0000"
    },
    "done": true
  },
  "minecraft:recipes/redstone/spruce_pressure_plate": {
    "criteria": {
      "has_planks": "2024-07-09 19:03:37 +0000"
    },
    "done": true
  },
  "minecraft:recipes/building_blocks/granite_stairs_from_granite_stonecutting": {
    "criteria": {
      "has_granite": "2024-07-09 19:09:22 +0000"
    },
    "done": true
  },
  "minecraft:recipes/tools/stone_pickaxe": {
    "criteria": {
      "has_cobblestone": "2024-07-09 19:05:46 +0000"
    },
    "done": true
  },
  "dungeons_arise:wda_root": {
    "criteria": {
      "WDA": "2024-07-09 19:01:24 +0000"
    },
    "done": true
  },
  "minecraft:recipes/decorations/lantern": {
    "criteria": {
      "has_iron_ingot": "2024-07-09 19:13:42 +0000"
    },
    "done": true
  },
  "minecraft:recipes/building_blocks/cobbled_deepslate_slab_from_cobbled_deepslate_stonecutting": {
    "criteria": {
      "has_cobbled_deepslate": "2024-07-09 19:10:36 +0000"
    },
    "done": true
  },
  "more_slabs_stairs_and_walls:recipes/building_blocks/spruce_log_slab_from_spruce_log_stonecutting": {
    "criteria": {
      "has_spruce_log": "2024-07-09 19:03:14 +0000"
    },
    "done": true
  },
  "minecraft:recipes/building_blocks/deepslate_tile_slab_from_cobbled_deepslate_stonecutting": {
    "criteria": {
      "has_cobbled_deepslate": "2024-07-09 19:10:36 +0000"
    },
    "done": true
  },
  "minecraft:recipes/tools/wooden_hoe": {
    "criteria": {
      "has_stick": "2024-07-09 19:03:39 +0000"
    },
    "done": true
  },
  "minecraft:recipes/decorations/granite_wall": {
    "criteria": {
      "has_granite": "2024-07-09 19:09:22 +0000"
    },
    "done": true
  },
  "minecraft:recipes/misc/charcoal": {
    "criteria": {
      "has_log": "2024-07-09 19:03:14 +0000"
    },
    "done": true
  },
  "minecraft:recipes/building_blocks/polished_granite_slab_from_granite_stonecutting": {
    "criteria": {
      "has_granite": "2024-07-09 19:09:22 +0000"
    },
    "done": true
  },
  "minecraft:recipes/building_blocks/polished_andesite_from_andesite_stonecutting": {
    "criteria": {
      "has_andesite": "2024-07-09 19:09:48 +0000"
    },
    "done": true
  },
  "minecraft:recipes/tools/iron_shovel": {
    "criteria": {
      "has_iron_ingot": "2024-07-09 19:13:42 +0000"
    },
    "done": true
  },
  "securitycraft:recipes/misc/sonic_security_system": {
    "criteria": {
      "has_stick": "2024-07-09 19:03:39 +0000"
    },
    "done": true
  },
  "minecraft:recipes/building_blocks/andesite": {
    "criteria": {
      "has_stone": "2024-07-09 19:09:51 +0000"
    },
    "done": true
  },
  "more_slabs_stairs_and_walls:recipes/building_blocks/dirt_wall_from_dirt_stonecutting": {
    "criteria": {
      "has_dirt": "2024-07-09 19:05:39 +0000"
    },
    "done": true
  },
  "create:recipes/building_blocks/granite_pillar_from_stone_types_granite_stonecutting": {
    "criteria": {
      "has_stone_types_granite": "2024-07-09 19:09:22 +0000"
    },
    "done": true
  },
  "create:recipes/building_blocks/polished_cut_granite_wall_from_stone_types_granite_stonecutting": {
    "criteria": {
      "has_stone_types_granite": "2024-07-09 19:09:22 +0000"
    },
    "done": true
  },
  "minecraft:recipes/tools/wooden_shovel": {
    "criteria": {
      "has_stick": "2024-07-09 19:03:39 +0000"
    },
    "done": true
  },
  "scalinghealth:recipes/misc/heart_dust": {
    "criteria": {
      "cobblestone": "2024-07-09 19:05:46 +0000"
    },
    "done": true
  },
  "securitycraft:recipes/misc/trophy_system": {
    "criteria": {
      "has_iron": "2024-07-09 19:13:42 +0000"
    },
    "done": true
  },
  "create:recipes/building_blocks/cut_andesite_wall_from_stone_types_andesite_stonecutting": {
    "criteria": {
      "has_stone_types_andesite": "2024-07-09 19:09:48 +0000"
    },
    "done": true
  },
  "minecraft:adventure/root": {
    "criteria": {
      "killed_something": "2024-07-09 19:19:37 +0000"
    },
    "done": true
  },
  "more_slabs_stairs_and_walls:recipes/building_blocks/tuff_wall": {
    "criteria": {
      "has_tuff": "2024-07-09 19:12:32 +0000"
    },
    "done": true
  },
  "minecraft:recipes/decorations/deepslate_tile_wall_from_cobbled_deepslate_stonecutting": {
    "criteria": {
      "has_cobbled_deepslate": "2024-07-09 19:10:36 +0000"
    },
    "done": true
  },
  "create:recipes/building_blocks/small_andesite_brick_wall_from_stone_types_andesite_stonecutting": {
    "criteria": {
      "has_stone_types_andesite": "2024-07-09 19:09:48 +0000"
    },
    "done": true
  },
  "minecraft:recipes/combat/crossbow": {
    "criteria": {
      "has_iron_ingot": "2024-07-09 19:13:42 +0000"
    },
    "done": true
  },
  "create:recipes/building_blocks/cut_diorite_brick_stairs_from_stone_types_diorite_stonecutting": {
    "criteria": {
      "has_stone_types_diorite": "2024-07-09 19:09:51 +0000"
    },
    "done": true
  },
  "minecraft:recipes/decorations/barrel": {
    "criteria": {
      "has_planks": "2024-07-09 19:03:37 +0000"
    },
    "done": true
  },
  "securitycraft:recipes/misc/reinforced_birch_fence": {
    "criteria": {
      "has_stick": "2024-07-09 19:03:39 +0000"
    },
    "done": true
  },
  "create:recipes/building_blocks/cut_andesite_brick_slab_from_stone_types_andesite_stonecutting": {
    "criteria": {
      "has_stone_types_andesite": "2024-07-09 19:09:48 +0000"
    },
    "done": true
  },
  "securitycraft:recipes/misc/camera_monitor": {
    "criteria": {
      "has_iron": "2024-07-09 19:13:42 +0000"
    },
    "done": true
  },
  "minecraft:recipes/building_blocks/polished_diorite_slab_from_diorite_stonecutting": {
    "criteria": {
      "has_diorite": "2024-07-09 19:09:51 +0000"
    },
    "done": true
  },
  "incendium:technical/using/shield": {
    "criteria": {
      "log_spam_fixer": "2024-07-09 19:01:25 +0000"
    },
    "done": false
  },
  "securitycraft:recipes/misc/sc_manual": {
    "criteria": {
      "has_wood": "2024-07-09 19:03:14 +0000"
    },
    "done": true
  },
  "securitycraft:recipes/misc/redstone_module": {
    "criteria": {
      "has_iron": "2024-07-09 19:13:42 +0000"
    },
    "done": true
  },
  "minecraft:recipes/tools/stone_shovel": {
    "criteria": {
      "has_cobblestone": "2024-07-09 19:05:46 +0000"
    },
    "done": true
  },
  "securitycraft:recipes/tools/universal_block_remover": {
    "criteria": {
      "has_iron": "2024-07-09 19:13:42 +0000"
    },
    "done": true
  },
  "scalinghealth:recipes/misc/power_crystal": {
    "criteria": {
      "cobblestone": "2024-07-09 19:05:46 +0000"
    },
    "done": true
  },
  "minecraft:recipes/redstone/heavy_weighted_pressure_plate": {
    "criteria": {
      "has_iron_ingot": "2024-07-09 19:13:42 +0000"
    },
    "done": true
  },
  "twilightforest:recipes/transportation/twilight_oak_boat": {
    "criteria": {
      "in_water": "2024-07-09 19:05:20 +0000"
    },
    "done": true
  },
  "twilightforest:recipes/transportation/time_boat": {
    "criteria": {
      "in_water": "2024-07-09 19:05:20 +0000"
    },
    "done": true
  },
  "minecraft:recipes/combat/iron_leggings": {
    "criteria": {
      "has_iron_ingot": "2024-07-09 19:13:42 +0000"
    },
    "done": true
  },
  "minecraft:recipes/misc/blue_dye": {
    "criteria": {
      "has_lapis_lazuli": "2024-07-09 19:10:10 +0000"
    },
    "done": true
  },
  "incendium:technical/inventory/sentrys_wrath": {
    "criteria": {
      "log_spam_fixer": "2024-07-09 19:27:32 +0000"
    },
    "done": false
  },
  "minecraft:recipes/building_blocks/deepslate_brick_stairs_from_cobbled_deepslate_stonecutting": {
    "criteria": {
      "has_cobbled_deepslate": "2024-07-09 19:10:36 +0000"
    },
    "done": true
  },
  "create:recipes/building_blocks/cut_granite_brick_wall_from_stone_types_granite_stonecutting": {
    "criteria": {
      "has_stone_types_granite": "2024-07-09 19:09:22 +0000"
    },
    "done": true
  },
  "securitycraft:recipes/misc/disguise_module": {
    "criteria": {
      "has_iron": "2024-07-09 19:13:42 +0000"
    },
    "done": true
  },
  "minecraft:recipes/transportation/minecart": {
    "criteria": {
      "has_iron_ingot": "2024-07-09 19:13:42 +0000"
    },
    "done": true
  },
  "minecraft:recipes/tools/iron_hoe": {
    "criteria": {
      "has_iron_ingot": "2024-07-09 19:13:42 +0000"
    },
    "done": true
  },
  "create:recipes/building_blocks/polished_cut_granite_stairs_from_stone_types_granite_stonecutting": {
    "criteria": {
      "has_stone_types_granite": "2024-07-09 19:09:22 +0000"
    },
    "done": true
  },
  "majruszsdifficulty:game_stage_normal": {
    "criteria": {
      "is_triggered": "2024-07-09 19:01:24 +0000"
    },
    "done": true
  },
  "create:recipes/building_blocks/layered_granite_from_stone_types_granite_stonecutting": {
    "criteria": {
      "has_stone_types_granite": "2024-07-09 19:09:22 +0000"
    },
    "done": true
  },
  "securitycraft:recipes/redstone/laser_block": {
    "criteria": {
      "has_stone": "2024-07-09 19:05:46 +0000"
    },
    "done": true
  },
  "minecraft:recipes/decorations/andesite_wall_from_andesite_stonecutting": {
    "criteria": {
      "has_andesite": "2024-07-09 19:09:48 +0000"
    },
    "done": true
  },
  "minecraft:recipes/tools/fishing_rod": {
    "criteria": {
      "has_string": "2024-07-09 19:19:39 +0000"
    },
    "done": true
  },
  "minecraft:recipes/building_blocks/chiseled_deepslate_from_cobbled_deepslate_stonecutting": {
    "criteria": {
      "has_cobbled_deepslate": "2024-07-09 19:10:36 +0000"
    },
    "done": true
  },
  "create:recipes/building_blocks/layered_tuff_from_stone_types_tuff_stonecutting": {
    "criteria": {
      "has_stone_types_tuff": "2024-07-09 19:12:32 +0000"
    },
    "done": true
  },
  "minecraft:recipes/decorations/cobbled_deepslate_wall_from_cobbled_deepslate_stonecutting": {
    "criteria": {
      "has_cobbled_deepslate": "2024-07-09 19:10:36 +0000"
    },
    "done": true
  },
  "create:recipes/building_blocks/andesite_from_stone_types_andesite_stonecutting": {
    "criteria": {
      "has_stone_types_andesite": "2024-07-09 19:09:48 +0000"
    },
    "done": true
  },
  "securitycraft:recipes/misc/reinforced_jungle_fence": {
    "criteria": {
      "has_stick": "2024-07-09 19:03:39 +0000"
    },
    "done": true
  },
  "create:recipes/building_blocks/cut_andesite_from_stone_types_andesite_stonecutting": {
    "criteria": {
      "has_stone_types_andesite": "2024-07-09 19:09:48 +0000"
    },
    "done": true
  },
  "twilightforest:recipes/transportation/transformation_boat": {
    "criteria": {
      "in_water": "2024-07-09 19:05:20 +0000"
    },
    "done": true
  },
  "minecraft:recipes/building_blocks/polished_andesite_slab_from_andesite_stonecutting": {
    "criteria": {
      "has_andesite": "2024-07-09 19:09:48 +0000"
    },
    "done": true
  },
  "more_slabs_stairs_and_walls:recipes/building_blocks/dirt_slab_from_dirt_stonecutting": {
    "criteria": {
      "has_dirt": "2024-07-09 19:05:39 +0000"
    },
    "done": true
  },
  "minecraft:recipes/decorations/chain": {
    "criteria": {
      "has_iron_ingot": "2024-07-09 19:13:42 +0000"
    },
    "done": true
  },
  "create:recipes/building_blocks/small_granite_brick_wall_from_stone_types_granite_stonecutting": {
    "criteria": {
      "has_stone_types_granite": "2024-07-09 19:09:22 +0000"
    },
    "done": true
  },
  "incendium:technical/firestorm": {
    "criteria": {
      "log_spam_fixer": "2024-07-09 19:27:32 +0000"
    },
    "done": false
  },
  "minecraft:recipes/decorations/smithing_table": {
    "criteria": {
      "has_iron_ingot": "2024-07-09 19:13:42 +0000"
    },
    "done": true
  },
  "create:recipes/building_blocks/cut_granite_bricks_from_stone_types_granite_stonecutting": {
    "criteria": {
      "has_stone_types_granite": "2024-07-09 19:09:22 +0000"
    },
    "done": true
  },
  "minecraft:recipes/transportation/birch_boat": {
    "criteria": {
      "in_water": "2024-07-09 19:05:20 +0000"
    },
    "done": true
  },
  "minecraft:recipes/building_blocks/cobbled_deepslate_stairs_from_cobbled_deepslate_stonecutting": {
    "criteria": {
      "has_cobbled_deepslate": "2024-07-09 19:10:36 +0000"
    },
    "done": true
  },
  "minecraft:recipes/building_blocks/deepslate": {
    "criteria": {
      "has_cobbled_deepslate": "2024-07-09 19:10:36 +0000"
    },
    "done": true
  },
  "minecraft:recipes/transportation/oak_boat": {
    "criteria": {
      "in_water": "2024-07-09 19:05:20 +0000"
    },
    "done": true
  },
  "minecraft:recipes/building_blocks/coal_block": {
    "criteria": {
      "has_coal": "2024-07-09 19:06:06 +0000"
    },
    "done": true
  },
  "minecraft:recipes/building_blocks/spruce_slab": {
    "criteria": {
      "has_planks": "2024-07-09 19:03:37 +0000"
    },
    "done": true
  },
  "securitycraft:recipes/redstone/reinforced_acacia_fence_gate": {
    "criteria": {
      "has_stick": "2024-07-09 19:03:39 +0000"
    },
    "done": true
  },
  "create:recipes/building_blocks/polished_cut_diorite_wall_from_stone_types_diorite_stonecutting": {
    "criteria": {
      "has_stone_types_diorite": "2024-07-09 19:09:51 +0000"
    },
    "done": true
  },
  "minecraft:recipes/decorations/torch": {
    "criteria": {
      "has_stone_pickaxe": "2024-07-09 19:06:12 +0000"
    },
    "done": true
  },
  "create:recipes/building_blocks/small_diorite_brick_stairs_from_stone_types_diorite_stonecutting": {
    "criteria": {
      "has_stone_types_diorite": "2024-07-09 19:09:51 +0000"
    },
    "done": true
  },
  "create:recipes/building_blocks/polished_cut_andesite_slab_from_stone_types_andesite_stonecutting": {
    "criteria": {
      "has_stone_types_andesite": "2024-07-09 19:09:48 +0000"
    },
    "done": true
  },
  "securitycraft:recipes/misc/reinforced_cherry_fence": {
    "criteria": {
      "has_stick": "2024-07-09 19:03:39 +0000"
    },
    "done": true
  },
  "scalinghealth:recipes/combat/medkit": {
    "criteria": {
      "cobblestone": "2024-07-09 19:05:46 +0000"
    },
    "done": true
  },
  "minecraft:recipes/building_blocks/andesite_stairs_from_andesite_stonecutting": {
    "criteria": {
      "has_andesite": "2024-07-09 19:09:48 +0000"
    },
    "done": true
  },
  "incendium:technical/scroll_of_returning": {
    "criteria": {
      "log_spam_fixer": "2024-07-09 19:01:25 +0000"
    },
    "done": false
  },
  "minecraft:recipes/building_blocks/spruce_planks": {
    "criteria": {
      "has_logs": "2024-07-09 19:03:14 +0000"
    },
    "done": true
  },
  "securitycraft:recipes/redstone/reinforced_warped_fence_gate": {
    "criteria": {
      "has_stick": "2024-07-09 19:03:39 +0000"
    },
    "done": true
  },
  "minecraft:recipes/building_blocks/deepslate_brick_slab_from_cobbled_deepslate_stonecutting": {
    "criteria": {
      "has_cobbled_deepslate": "2024-07-09 19:10:36 +0000"
    },
    "done": true
  },
  "biomesoplenty:recipes/transportation/mahogany_boat": {
    "criteria": {
      "in_water": "2024-07-09 19:05:20 +0000"
    },
    "done": true
  },
  "twilightforest:recipes/transportation/dark_boat": {
    "criteria": {
      "in_water": "2024-07-09 19:05:20 +0000"
    },
    "done": true
  },
  "securitycraft:recipes/misc/harming_module": {
    "criteria": {
      "has_iron": "2024-07-09 19:13:42 +0000"
    },
    "done": true
  },
  "create:recipes/building_blocks/cut_andesite_stairs_from_stone_types_andesite_stonecutting": {
    "criteria": {
      "has_stone_types_andesite": "2024-07-09 19:09:48 +0000"
    },
    "done": true
  },
  "create:recipes/building_blocks/cut_granite_stairs_from_stone_types_granite_stonecutting": {
    "criteria": {
      "has_stone_types_granite": "2024-07-09 19:09:22 +0000"
    },
    "done": true
  },
  "create:recipes/building_blocks/small_granite_bricks_from_stone_types_granite_stonecutting": {
    "criteria": {
      "has_stone_types_granite": "2024-07-09 19:09:22 +0000"
    },
    "done": true
  },
  "minecraft:recipes/building_blocks/polished_andesite": {
    "criteria": {
      "has_andesite": "2024-07-09 19:09:48 +0000"
    },
    "done": true
  },
  "create:recipes/building_blocks/cut_tuff_slab_from_stone_types_tuff_stonecutting": {
    "criteria": {
      "has_stone_types_tuff": "2024-07-09 19:12:32 +0000"
    },
    "done": true
  },
  "minecraft:recipes/redstone/spruce_door": {
    "criteria": {
      "has_planks": "2024-07-09 19:03:37 +0000"
    },
    "done": true
  },
  "minecraft:recipes/redstone/spruce_fence_gate": {
    "criteria": {
      "has_planks": "2024-07-09 19:03:37 +0000"
    },
    "done": true
  },
  "securitycraft:recipes/misc/reinforced_mangrove_fence": {
    "criteria": {
      "has_stick": "2024-07-09 19:03:39 +0000"
    },
    "done": true
  },
  "securitycraft:recipes/building_blocks/reinforced_andesite": {
    "criteria": {
      "has_cobblestone": "2024-07-09 19:05:46 +0000"
    },
    "done": true
  },
  "more_slabs_stairs_and_walls:recipes/building_blocks/spruce_log_wall_from_spruce_log_stonecutting": {
    "criteria": {
      "has_spruce_log": "2024-07-09 19:03:14 +0000"
    },
    "done": true
  },
  "create:recipes/building_blocks/small_tuff_brick_wall_from_stone_types_tuff_stonecutting": {
    "criteria": {
      "has_stone_types_tuff": "2024-07-09 19:12:32 +0000"
    },
    "done": true
  },
  "more_slabs_stairs_and_walls:recipes/building_blocks/spruce_planks_wall_from_spruce_planks_stonecutting": {
    "criteria": {
      "has_spruce_planks": "2024-07-09 19:03:37 +0000"
    },
    "done": true
  },
  "incendium:technical/using/trailblazer": {
    "criteria": {
      "log_spam_fixer": "2024-07-09 19:01:25 +0000"
    },
    "done": false
  },
  "minecraft:recipes/building_blocks/white_wool_from_string": {
    "criteria": {
      "has_string": "2024-07-09 19:19:39 +0000"
    },
    "done": true
  },
  "securitycraft:recipes/building_blocks/reinforced_diorite": {
    "criteria": {
      "has_cobblestone": "2024-07-09 19:05:46 +0000"
    },
    "done": true
  },
  "more_slabs_stairs_and_walls:recipes/building_blocks/spruce_log_stairs": {
    "criteria": {
      "has_spruce_log": "2024-07-09 19:03:14 +0000"
    },
    "done": true
  },
  "minecraft:recipes/misc/iron_nugget_from_blasting": {
    "criteria": {
      "has_iron_pickaxe": "2024-07-09 19:14:07 +0000"
    },
    "done": true
  },
  "minecraft:adventure/adventuring_time": {
    "criteria": {
      "minecraft:taiga": "2024-07-09 19:01:25 +0000",
      "minecraft:frozen_river": "2024-07-09 19:25:04 +0000",
      "minecraft:beach": "2024-07-09 19:25:51 +0000",
      "minecraft:river": "2024-07-09 19:25:36 +0000",
      "minecraft:snowy_taiga": "2024-07-09 19:04:08 +0000",
      "minecraft:swamp": "2024-07-09 19:21:08 +0000",
      "minecraft:lush_caves": "2024-07-09 19:09:55 +0000",
      "minecraft:windswept_forest": "2024-07-09 19:21:44 +0000",
      "minecraft:plains": "2024-07-09 19:22:35 +0000"
    },
    "done": false
  },
  "more_slabs_stairs_and_walls:recipes/building_blocks/spruce_log_wall": {
    "criteria": {
      "has_spruce_log": "2024-07-09 19:03:14 +0000"
    },
    "done": true
  },
  "minecraft:recipes/decorations/andesite_wall": {
    "criteria": {
      "has_andesite": "2024-07-09 19:09:48 +0000"
    },
    "done": true
  },
  "minecraft:recipes/building_blocks/andesite_slab": {
    "criteria": {
      "has_andesite": "2024-07-09 19:09:48 +0000"
    },
    "done": true
  },
  "minecraft:recipes/building_blocks/cobblestone_stairs_from_cobblestone_stonecutting": {
    "criteria": {
      "has_cobblestone": "2024-07-09 19:05:46 +0000"
    },
    "done": true
  },
  "minecraft:recipes/building_blocks/diorite_slab_from_diorite_stonecutting": {
    "criteria": {
      "has_diorite": "2024-07-09 19:09:51 +0000"
    },
    "done": true
  },
  "minecraft:recipes/building_blocks/deepslate_tiles_from_cobbled_deepslate_stonecutting": {
    "criteria": {
      "has_cobbled_deepslate": "2024-07-09 19:10:36 +0000"
    },
    "done": true
  },
  "create:recipes/building_blocks/cut_tuff_bricks_from_stone_types_tuff_stonecutting": {
    "criteria": {
      "has_stone_types_tuff": "2024-07-09 19:12:32 +0000"
    },
    "done": true
  },
  "minecraft:recipes/tools/stone_hoe": {
    "criteria": {
      "has_cobblestone": "2024-07-09 19:05:46 +0000"
    },
    "done": true
  },
  "minecraft:recipes/building_blocks/spruce_stairs": {
    "criteria": {
      "has_planks": "2024-07-09 19:03:37 +0000"
    },
    "done": true
  },
  "minecraft:recipes/decorations/loom": {
    "criteria": {
      "has_string": "2024-07-09 19:19:39 +0000"
    },
    "done": true
  },
  "minecraft:story/root": {
    "criteria": {
      "crafting_table": "2024-07-09 19:03:21 +0000"
    },
    "done": true
  },
  "securitycraft:recipes/misc/reinforced_spruce_fence": {
    "criteria": {
      "has_stick": "2024-07-09 19:03:39 +0000"
    },
    "done": true
  },
  "minecraft:recipes/misc/copper_ingot_from_smelting_raw_copper": {
    "criteria": {
      "has_raw_copper": "2024-07-09 19:06:55 +0000"
    },
    "done": true
  },
  "create:recipes/building_blocks/cut_tuff_wall_from_stone_types_tuff_stonecutting": {
    "criteria": {
      "has_stone_types_tuff": "2024-07-09 19:12:32 +0000"
    },
    "done": true
  },
  "DataVersion": 3465
}